-- phpMyAdmin SQL Dump
-- version 5.1.1
-- https://www.phpmyadmin.net/
--
-- Servidor: 127.0.0.1
-- Tiempo de generación: 23-11-2023 a las 13:30:06
-- Versión del servidor: 10.4.22-MariaDB
-- Versión de PHP: 7.4.27

SET SQL_MODE = "NO_AUTO_VALUE_ON_ZERO";
START TRANSACTION;
SET time_zone = "+00:00";


/*!40101 SET @OLD_CHARACTER_SET_CLIENT=@@CHARACTER_SET_CLIENT */;
/*!40101 SET @OLD_CHARACTER_SET_RESULTS=@@CHARACTER_SET_RESULTS */;
/*!40101 SET @OLD_COLLATION_CONNECTION=@@COLLATION_CONNECTION */;
/*!40101 SET NAMES utf8mb4 */;

--
-- Base de datos: `apadrina`
--

-- --------------------------------------------------------

--
-- Estructura de tabla para la tabla `administradores`
--

CREATE TABLE `administradores` (
  `id` int(11) NOT NULL,
  `email` text NOT NULL,
  `pass` longtext NOT NULL
) ENGINE=InnoDB DEFAULT CHARSET=utf8;

--
-- Volcado de datos para la tabla `administradores`
--

INSERT INTO `administradores` (`id`, `email`, `pass`) VALUES
(1, 'siminfoalicante@gmail.com', 'a1e4c6f782d40a4c965bc712629dd145'),
(2, 'miguel@siminfo.es', '81dc9bdb52d04dc20036dbd8313ed055');

-- --------------------------------------------------------

--
-- Estructura de tabla para la tabla `apcodes`
--

CREATE TABLE `apcodes` (
  `id` int(11) NOT NULL,
  `nombre` text NOT NULL,
  `code` longtext NOT NULL
) ENGINE=InnoDB DEFAULT CHARSET=utf8;

--
-- Volcado de datos para la tabla `apcodes`
--

INSERT INTO `apcodes` (`id`, `nombre`, `code`) VALUES
(1, 'Cron', '$2y$10$14kbOsiSTIADrIqI1ivAVONqKLL82VUFlsmHdYCiX/i19ayGZg7HO');

-- --------------------------------------------------------

--
-- Estructura de tabla para la tabla `campos`
--

CREATE TABLE `campos` (
  `id` int(11) NOT NULL,
  `campo` text NOT NULL,
  `codigo` text NOT NULL,
  `hectareas` text NOT NULL,
  `olivos` text NOT NULL,
  `porc_recuperacion` text NOT NULL,
  `imagen` text NOT NULL
) ENGINE=InnoDB DEFAULT CHARSET=utf8;

--
-- Volcado de datos para la tabla `campos`
--

INSERT INTO `campos` (`id`, `campo`, `codigo`, `hectareas`, `olivos`, `porc_recuperacion`, `imagen`) VALUES
(1, 'LA SOLANA', 'SOL', '20', '150', '60', 'mezquita.jpg'),
(2, 'LA MEZQUITA', 'MEZ', '10', '200', '80', 'mezquita.jpg'),
(3, 'EL XORQUET', 'XOR', '5', '50', '90', 'mezquita.jpg'),
(5, 'EL SECANET', 'SEC', '10', '80', '25', 'mezquita.jpg');

-- --------------------------------------------------------

--
-- Estructura de tabla para la tabla `ci_sessions`
--

CREATE TABLE `ci_sessions` (
  `id` varchar(128) NOT NULL,
  `ip_address` varchar(45) NOT NULL,
  `timestamp` int(10) UNSIGNED NOT NULL DEFAULT 0,
  `data` blob NOT NULL
) ENGINE=InnoDB DEFAULT CHARSET=utf8;

-- --------------------------------------------------------

--
-- Estructura de tabla para la tabla `colaboradores`
--

CREATE TABLE `colaboradores` (
  `id` int(11) NOT NULL,
  `colaborador` text NOT NULL,
  `imagen` longtext NOT NULL,
  `url` text NOT NULL,
  `tipo` int(11) NOT NULL
) ENGINE=InnoDB DEFAULT CHARSET=utf8;

--
-- Volcado de datos para la tabla `colaboradores`
--

INSERT INTO `colaboradores` (`id`, `colaborador`, `imagen`, `url`, `tipo`) VALUES
(11, '     SIM INFO', 'iVBORw0KGgoAAAANSUhEUgAAAL8AAAAUCAYAAADcMewrAAAACXBIWXMAAAsTAAALEwEAmpwYAAAAIGNIUk0AAHolAACAgwAA+f8AAIDpAAB1MAAA6mAAADqYAAAXb5JfxUYAAAKSSURBVHja7FrtjeIwEH2z2gZogB9sCVwJ2RKgBJCmASghaWAkKGEpYSnhKOGQqCAlzP1gQLkoIR8Ygm/nSfxx7NjI703ejE2qilcHEQV7lzL/ATApNX+QyHGI/zYej+s2gB44bdOm3z336XR6eV69I0Io8wTADEBivzL29stJZAtHF+L/GLxHRvoRgI0R/xauolDmDYA5iex8u534UZLfov13hWVpg+sYEvl4NVfnaxgGbxGt9asn8R2OeCO/Mk8BTEvNRwBbEsm65APK/F1uJxEqPE/sC1PEmkQyZZ4BWJTGr20deeEdi8IaACAHkJXX2mBFqKEPNdgYajFH1XPqaZfIyf8YTCvaDlVksqpNBiAz0aQB5h9VicaQAlgo8y/7Mm0q1jsCkCpzQiKfT/LvGoCU2rEvOfmfg5kypwB2JHKoDEXn9hBkW7XIKb5qxPFPIq7Mi0gqUNpzDDn5w+Jwg5QrZb7aICN9NsAakw79nk1+6mCxmojf9K5oBBBFwmsRvKlUOTELkiqzKvNv896hxLckEbL8oO5rsgPwWei3bmnh7iU2BY7gbXx99BWimKo9S5wPrrrkCRvz6vdiV7QqJLKvEePWnqHwBcor/P8jSD8EGekJgnPyk0huyeK8owgSyw1CI+/ZbwSHe/6eIthdoq4yrwpR/tap76LGgjic/HGipsafVghhpMyToS6vOZz8vWERPsH5oGh/QwxHAPOam5sOR7SRPzH/filpVt7YNKGUiZ971H9MXOqYCDv578TF2lxubLZB5jwNRvamOn80ePsBG7Yd6NAr6nSqQQDac6yTvwcOPcctSWTpXA4ugOiJH43tsSSX7Mbl1KxP3ent2sZ4tA8ngP/yVudfAAAA//8DALjL4My2z4cWAAAAAElFTkSuQmCC', 'www.siminfo.es', 3),
(17, ' Bar lera', '/9j/4AAQSkZJRgABAQAAAQABAAD/2wCEAAoGBxQTExYUExUWFhYZGRkbFhoZGhoWHBoaGBkaGRkWFhoaICsiGiEoHxkZIzQjKCwuMTExGSI3PDcvOyswMS4BCwsLBQUFDwUFDy4bFBsuLi4uLi4uLi4uLi4uLi4uLi4uLi4uLi4uLi4uLi4uLi4uLi4uLi4uLi4uLi4uLi4uLv/AABEIAOAA4AMBIgACEQEDEQH/xAAcAAACAgMBAQAAAAAAAAAAAAAABwYIAQIFBAP/xABKEAACAQMABwUDCQQGCAcAAAABAgMABBEFBgcSITFBEyJRYXEygZEIFCNCUnKCobFikrLBJDNDU6KzFTVUc5PC0fAWJWODo8Px/8QAFAEBAAAAAAAAAAAAAAAAAAAAAP/EABQRAQAAAAAAAAAAAAAAAAAAAAD/2gAMAwEAAhEDEQA/AHNRRXkv9Ixwo0krrGi+0zEKo95oPXXnu7xIlLyMqKObMQoHqTSn1v23IhMdghc/30gIX1SPgW9Wxy5GltdTaQ0rNx7a5kzwABKpnwVe5GPhQOvWDa/o6Duxu9w3hCAVHq7EKfdmoLpfbpctkW9vFEPFy0p9RjdA/Osau7ELqXDXMiQL9lfpX8wcHcHxNT/Q2yPRsHEwmdse1Kxf/AML+VAnb3aZpObndOmekYWM+4qM/n0rxC90pcZw99MDnODM488gcKsto3QNrAMQ28MX3I0XlwySBk+prpUFUH1Vv373zW5bPUxSEn1yM1vDq/pGI5W3u4zzyscoPDzUVa2sUFWP/EGk7duNxeRnwd5ByPUPw512tHbYdJQ+1JHOP/UQZ+KbpqxboCMEAjwIyK4mldTLG4z2trAxP1uzVW/fXDfnQLrQ+3hDwubVgPtROG/wPu/xVPtAa/6Pu8LDcJvn6j/Rt6BXxn3ZqKaa2GWcgJt5JIG6AntU94bDf4qX+seyPSNvkpGs6DJ3omycDxjYBs+ShqCxytmtqrLq9tC0ho87glZ1U96KbLAY5qN7vR+gI9KbOpm1q0vN1Jv6PMeAVjlGP7D8vc2PfQMGitFcGt6AooooCiiigKKKKAooooCiiighWvm0e30cCmRLcEd2JT7Pg0rckHlzPh1pIaX01f6WuAr9pMzH6OJFO4v3UHAYzgseOOZr7ao6m3OlJm3CQgb6aZ8sATgnJPtvxzjn1OKfup+qFtYRBIU7x9uRsF3I6sfD9kcBQLzVDYkO7JpBs9exjPAeUkg4n0XHqabGjtGwwII4Y0jQcAqAKPgK9SritqDUKK2oooCiivNd3KxIzuQqIpZmPAKqjJJJ6AAmg9NFJyHbp/SWDQA22cIwJEoHEb5BOGzwO7wIGeJNNfRl+k8ayxMrxuMqy8QQf+/yoPZRRRQFa7oraigj2tGpNnfD6eFS/SRe5IPxDiR5HI8qTmu2yK5tQXtt64h8FH0qj9pB7fqvwFWErRkBoK5ai7TruwIjlLTW+cGNz3kA4HsmPLH2Tw9OdPbVnWe3vou1t5Ay8mB7rIfsuvMfoehNRjaDsugvd6WLEFxjO+B3ZD4SKOv7Q4+vKk2XvtD3WMtBMvPqkidOHsyIePoc8iOAWkBrNQzZ3tBh0km7wjuFXMkXiM434yT3l/MZ49CZkKDNFFFAUUUUBRRRQFFFFB4tGaOjgjWOFFRFGFVRgDrw99e2iigKKKKAooooCoBt00uYNGsikhpnWLI+ycs496qR76n9J/5SV1iO0j8Wlf4BVH8RoEnTt+TvppmSe0Y5EZWSLyD5Eg9N4KfxGkmq5pn/ACeGI0hMM8DbuSPNZYsfxGgfdZrArNAUUUUBRRRQFcLWvVaC+gMMy55lHHto320Pj5cj1ru0UFWtP6EutEXYySrqd6GVOAcct5M/BlPjg5B4u7Zlr/HpKPdcBLlBmRByYcB2qfs5xkdCQPAnt626tQX0DQzrkHijDG9G3R0J5H9eRqu+krG60PfYDFZYzvRuo7rocgNg8wRkEeooLSUVHdRtao9IWyTJwblKmc7jjmp646g9QRUioCo3rlrvb6N7Lt1lbtSwTs1DcV3cggkfaFSSlRt8/rNG/wC+f9YqDtTbXrRBl4L1F+00GB8S1d/VrXC0vlLW0ocj2lPddegLIeOPPlXcfkaU2mLVLfWS0NuAjSoTMq4AIKuCSB4hc+q5oG3RWrNiuVpXWi0tiBPcRRMeSuwDfu86Dr1rvCtqQG2fWW5j0lLFDcTxoqR91JHRcsgJ4KRnIIoHzNcIgyzKo55JA/WuPf676Ph/rLuAHwDhz4clyaqxcXckhzI7Of2mLfqa+Qc0FhNKba9HR/1RmnPTcQqPUmTdIHuNRTSW3K4lPZ2tvHEWIVWcmVsk4BCgAA+uaUhNSnZbovt9J2yYyFftG9IwX/UAe+gs3ZBhGoY7zBQGbhxYDieHDic8qTfykn+ltB03JT795BTpQcKS3ykYvpbQ44bko9+8lBCNmmrHz+9SFweyXvzHJHcXHdBHIsSB789KsxY6PihVVijSNVGFCKFAHgMegpU/JxsRuXc2OJaOMeigsR/iX4U4AKDNFFFAUUUUBRRRQFFFFBgiodtO1MXSFsQoAnjy0LcOeOMZPPDYHvANTKtXGRQVj2fa0voy73n3hGT2dwmDndBxnd+0hyfiOtWWs7hZEV0YMrAMpHIhhkEeopM7edTljYX8S4DkLOAOAc+zL+LGD548a6OwPWovG9lI2Wj78Of7snvIPuscjyfwHAG7Sl+UHvb2j9zG92sm7nlvZixnyzimyKVO3z+t0b/vm/WKg6N5DrKykB7BPNN7Pu31I+Irmai3cNrfGK+hmi0jNymmkWdZQeSxOoCoDgAADoFzyFNilPt5Kb9ikfG57XKY4sFJUDz4uFx5igakwyP+xUS0Xs/0bbF5JIklZmZmkuSsxGTkAGTgMePPxJrs6z6UNraTXGAxijZ8eLBeAJ8CcVCNn+rSaRhW/wBIs11JIzFEdj2UaqSuFjHdzwPA8OXXJIM6TlVY9sEpbS11k5wyAfhjQYqzpqq+0qQtpO8zz7Zx7lO6PyFBHKKKKAprfJ10dv3U855RxBB96Vgc59EPDzpU0+/k7WO7ZTS9ZJsZ8o1AA+LN8aBoClH8o+0zHaS+DyIT95Qw/hNN2l5t8se00YX/ALqWN/cx7M/x0Gnyfrfd0azY4vPI3rhUTh5d345pjVB9iEeNEwebSn/5GqcUBRRRQFFFFAUUUUBRRRQFFFFBztYNEJdW8tvJ7EiFT5eDDzBwfdVeNVNC31tpNVhgklmt5cSBRhSvJt5zhVDIeBJ6irLmvmkeM+fP9M/pQbo2ah+0XUdtJmDduOwMLOwPZ9pktu4+uuMbvnUyooF+2pWleumpMeVuo/8Asr26tbOILab5zLLLdXGciSY53Tyyi9D5knHTFTOig8elNHpPDJDIMxyKyuORKsCDg9Dx50vdF7OL613orXSjRW5JO6YldlyeOMnAPmuKZ1FBq5qqGvTk6QvM8/nM/wCUjAfkKtgaqNrO+bu5Oc5nlOfHMjcaDm0UUUGVGas5sjsBFoq1H2kMh8+0Yvx8eBA91VjU1bnVq07K1t4/sQxp+6ijr6UHSrnawaLFzbzQN7MsboT4bwwGHoePuro0UEW2W2DQaOghcbrp2iuP2lmkB/SpTWoUCtqAooooCiio9rrrXFo63M0neOd2NBzd8Ehc/VHAknoPhQdbSGkooEMk0iRoObOwUfE1DrvbDotG3RK78cEpG5H3snGR6ZpF60613N/L2lxJvYPcQcEQeCLy954nxrib5oLU6u68WN7wt51Z+PcbKPw5kI2CR6ZqQg1Tu2unjZXRirKQysOBUjkQelWY2X61nSFmsjkdsh3JgBgbwAIYDwZSD65HSgltFFFAUVDNom0BdFtCGhaXtQx7rKuAhUHmDk94V7NStdbfSMReIlWX243wHXwJAOCp6EcOnOg6OsGsNvZxdtcSBEzgcyWP2VUcWNQCTbvaByFt7hl8e4Cfw7x/WlrtK1ue/umbJEKErCnQKDgsR9piM58MDpUSzQWr1Q1xttIRlrdyWXG/G43ZEzy3lycjzBI86kNVE1f03NaTLPA5SRTz5gg81YfWB8Kd+z3aZc6RmEPzVFCrvTSiQ4UchhCnNm4Bd7x8KBmVqzYrDtgUkNqO1VpGa2sZN2MErJKvBnPIiJuijiN7menDiQd8jYGaqDpeTemlYcjI5HvYmrfScj6Gqd3n9Y/3m/U0HyooooPXoi27WeKP7ciJ4e2wX+dW/UY4VVbZ1Dv6StF8Zo848A2f5VapaDNFFFAUUUUBRRRQfGeXdBJwAASSeAAHMk9KrVtU1u/0hdFkP0EWUhHiM96T8RHwA86bG3DWL5tZGFeElxmP0j/tG94IX8VV2NAV9kt3ZWcKxVfaYAkDPLePIV2tRdWXv7qOBDug5aRsZ3Y1xvN5niAB4kVZSx0HBbW3zeNAIVQgqQDvDHeLk+0TxJJoKl02Pk6aSK3NxB0kiWT0MbYz8JPyFK+8Kl23OCbx3fu57vPypl/J2sCbyeXokIU+sjgj/LNA+KK1JwKhWvmmJ0s1v7FgezO+6Mu8kkJyrbwBHI4bIIOAePGgg/ykpT29qvQRyH3llz/CKWmiNMzWzmSB9xmR4yR1Vxhhx93oQDXt1u1qnv5e1nK5A3VVAVRV54UEk8Sc5Jrg0GVGak9rs60i8QmW1lKHBHshyDxDCMneI91e/Y5q2t5fr2i70US9o4xwJBG4rerccdQpqyacqCqa6n33aCP5nc75IGDE6jJ8SVwB55x1zVgNm2p66OttxsGZzvzMORPRFJ+qo4eZyetS6o9r/rGthaSTkZYYWJeHekbgvPoOLHyU0C+23a+umbC3bBIHzh1OCAw4QjqMji3kQOppLE5r73t28rtJIxZ3Ys7HmWJyTU02Taim/n7SUf0eIjtOBG+3MQg+mC3gMeNBY2TkfQ1Tu8/rH+836mriSDhVQtNRhZ5lAwBI4A8AHIxQeOiiigluyCMNpe0B+2596xuw/MCrPLVY9jX+t7T70n+VJVnBQZooooCiiigK1blW1YNBXTbppczaRaPPdhRYwOgZhvufXvAfhpfgV1tb7szXlxITnfmkIJ+zvkL+QFcuMUD4+T/oIRWj3TjvTtur5RxkgY9W3vgK9e2bXNbW2e2jb+kTLu4B4pG2QznHIkZA8ck9Kjul9qsFnbx2ejh2hjjWPtmB7MFRgsikZkOcnJwOPWlNe30k0jSO7O7nLMxySTzJJ93woPPu5qxWw/V421j2rjElw3aEdQmMRqfdlvx0r9lGojX8wllXFvG47TP9oRxES+OeG8egPiasQxWNSThQBkngAAB18AKCIbXtafmVk4Q4lmzHF0IyO+4+6PzIrpbPI86LswRzt4+fgV/6frSG2la1nSV4zpkxJmO3XB9nPtY+0x4+m6OlWO0BY9jbQw/3cUafuIF8T4UFdtr2gYbK/MVuu4hjR93JIDMWzjPIcOXSoZU/29SE6VcH6sUQHwLf8xqAUD0+TnYAW1xNji8qoCfCNA3D3yGmxUM2N2XZaKtv2w8h4Y9t2I/LFTOgw1V/286x9veLbKTuQDveBkfBb4DA+NPbSt6sEMkrezGjOfRVJ/lVR9JXZmleVvakdnb7zsWP5k0G2i7J5pUhjGXkZUQeLMQB+tWp1V0DHZW8dvHjCKMnqzEd928yeNJr5P8AoYS3slwRkQR93hyeQlQfXdD/ABp9HgKDLmqla3Rlb27U9LiYH3SMKtq/KqwbV4NzSt2MEZkDdfrorZ4+tBFKKKKCX7Gv9b2n3pP8qSrOCqt7K5tzStoeWZQv76sv86tIDQZoorBoAGtXzjhUK0/rr/o6+WK6H9GmQGKUDjG6nddJMc09ls8xvdR7MxtrhZFDIQysAVZTkEHiCCOBHnQRbWzXltHOpuLaQwMcCaMhwG6K6HBU+/j0z08Om9q+j47YyRzCV2U7kSghskcnBHcA6588Z4VLNO6JiuYZIZRlJFKt7+o8wcEeYqsWsGq9zaTNFLFJ3SQrhG3ZFB4OhHAgjB58PWg40zZOeHu/lWqnwokTFe3QNmk08UckgiR3VWkIBCBjjeIJHAetB4wpJ45pkbPtkk1yyTXatDBnO4ciSQeAH1FP2jx8BxBppapbNrGyw6IZZf7yXDsPuDAVPcM+ZqWYwKDyaO0dFBEsUKKkaDCqOAH/AO8ST1yaWW3DXgRobCFhvuP6Qw+oh49l6sOY8PWu5tO2hpYJ2UO690w7q8xGP7yQfovX0qvd1cvK7PIxZ2JZ2JyWYniTQSbZToX51pKBcd2Nu1f7seCP8RUe+rNjlS02D6sG3tmuZARJcAFQfqxLxQ/iLFvQLTMNBWzbfLvaXuM/VWID/hI386g+KmG2STe0vdcORjH7sSDNRiwgMjpGOBdlUHw3iF/nQWp1MtDFZWsZ+rBGD7kWu1XygjCqFHIAAeg4V9aCF7Zrsx6KuCDgsETpyeRQw4+K7w99VnqwvygWI0YMHnNGD5jDnHxANV6oH/8AJ6siljJIf7SZiv3UVV/i3v8As0wdKXqQxSSuQFjVnY+AUZNRbYpCF0RbY+t2rH3yuP5VwNvus/Y262aH6SbvSY+rEp6/eYY9FagalV++UJZbmkFk6SxL8UJU/lu1YGlN8ozRwa2t5xzjkKE/syKT+sa/GgRhooNFB2NTLjs761kJwFmjJPh3wOtWzWqbxtjjyPQ+dWu1M02t5aQXAPGRBvDOcOBh19zA0HbooooI1r/qsmkLVoTgSDvQv9mQcvceR8jSU1G2gXGjJDBKpeAORJET3o2DEOYj0PPK8j5c6eutmsUNlAZ5mwB7Kj2nbHBEB5k/AczyqrWlb0zTSy43TJI7kZzjfYtjPXGfyoLZaL0hHNGksTB0dQyMORB4+706V7G5Ugth+tzW9wtpISYZj3M/UlxwxnkG5Hzx50/gaCs+2DQRttJTYHcm+lT8ZO+Pc4b4iodG+Kshtf1QN9agxIGnhJaMciykd+MHxIGR5qPGq4zRFSQRggkEHgQRwII6UE20Btcv7WJYlMUqKMJ2qszADku8rqSB55r0aX2z6RmUqnZQA/WjU7/pvMxx7gDS9rKjNB9bicuxZiSxJJLEsSTzJJ4k+dTHZXqS1/cZcH5vGQZjxG8eYiB8+vUA+Yrk6maqy384gjGBwMkh4rGmcFj59AOp8OJFltW9BRWcCW8IwiD3s3V2PUk8aDoxIAAAAAAAAOg8K3rNYNBWDa9/re7++v8AlpXO1IhL39oo63EI93aKSfgCfdXR2ttnS13j7aj4RoDXq2MaLM2k4Tjuxb0rHoN0YT/Gy0FlRWawtZoILtvtDJoqcgZKNG/oFcAn4MarbVvtN6OW4glhf2ZI3Q/iUjP51U/TOjXt5pIJBh42Kt6r1HkRgj1oGHqFtVSxsTbyQvJIhcwlSoUhiW3XycqAxPEA8CPCoHrDpyW8meeY7zsfcoHJEHRQOn/WuXvHxrKKScCguVUb2h6B+eWM8IGXKb0f307yj3kY99SStX5UFOZlwcYweo8D4V86ZG2XUdradrqJfoJmJOBwjkPNT4BjkjzyPCluRQFTrZptDbRrFHBkgcgsoI3kbGN+PPDPiDz8usFooLHRbZdFlcmaQHwMT5HwBH51FdaduZIZLGPd5jtJQD70jH/MfdSbooOjpbTc9zJ2lxK8j+LHOB4KOSjyAArnUVvGmTjjx5Y6+QoOxqRA7X9oFUn6eE4HgsisfyBPuq10ZpV7G9nbW+7eXS4lI+hRhho1YcXYdHIOMfVGep4NYCg1ZQedQPXrZbb35MqEwz9WUAq/h2iDmf2hxx41P6KCvk2w3SIOA1uw8RI4/JkzXR0FsKnLA3cyRp1ERLufLLKFX173pTyooORq9oCCziEVvGEQHJ6szdWdubN5n05V16KKArBrNYIoKvbU1zpa76/S/wDKtOHY1qc1lbNLMuJ5iCR1SMDuIT48Sxx4gdKky6pWYuGuuwQ3DcTI2WOQAuVDEhTgAZABrtAUGaKKKDBFLvajszXSGJ7fdjuAMNngso4AByOIYdG4+B8QxaKCtsWx/SpbdNuoGcbxli3R58HLY92fKmHs92RR2jrPdlZplOUQcYkPRuIy7DxIAHhkA0z6KDANZqC7N9okekE3JMR3Kjvp0fHOSPPTxXiV8xxqcK2aDzaRsI5keOVQ8bqVZSMgg0l9ctisqkyWD9qnH6NyFcdQFbk/vwfWnnWMUFQtI6Jmt33J45Im48JEZc454zz9RXhIq5EkQYYYAg8wQCPga83+h7f+4h/4af8ASgqEF869mjdEzTndhjklbwjRn+O7yq2SaKgByIYgfJFH8q9KqAMAAAcqCvermxm+mIM5S2Xrvd9/cinHxIprao7NLKxIkRTLMOPaSYZgf2AO6nPoM+dTDFZoNUXFbUUUBRRRQFFFFAUUVq74oB2xUA0ttWtYL4WzAtGuVlmU5VJMju4A7wHHeI5H0NcPattLKb1pZPlzkTSofY6GOMj63PLfVx45xD9mOz5tIyCWYFLVW7zcjKR/ZJ4DxbpyHHkFhbW5SVFkjYMjAMrKchlIyCCOYIr0V5IrZYotyNQiquEVRgKAMAKByxUB0Ik76NS9fSNzHIY3kJdomiBUtgMjJy7oGN7PmKBk0Vx9FaVPzSK4ucQkxI8obuhCVDNnPIDjzo0ZrPbXD9nFId/G8qsjxllGMvGJFG+vEcVzzoOxRXG0jrPawSGKSUCUKrdmFZ3IbOCqqCW9k8s4xX1stNQzxNLDJvIN5WOCCjL7SsrDKsPskZoOpRXEtdMxRWqXEtwHiKqe2YBA4b2W3QOBOQAAMmvrorWO3uHaOJzvqN4o6PG27nAcLIoJXPUcKCveuOpt1oqUNlim9mKePK4IPAEjjG48PgTU61B2xL3YNINusMKJscD0+lAHdP7Q4dTimrpGwjmjaOVFkRhhlYZBHpSY182NyRFprDelTmYm4uv+7J/rB5Hjw60DshnVlDKwYHiCDkEHkQRzr7VWLVPXq80c+6jFogx34JM7oOeOBzjbOc468wadOqW06zvt1Q4imP8AZyHBJ/Yb2X9xz5UE0orXPnWc0GaKKKAooooCiiigKKKxQZorR2wM8Kget+1uztN5ImFxKOG7Ge4Dx9uTl05Lk0E3vL2OJGkldURQSzMcAAcySaSW0Ha41yGgsi0cJyHkOVeQdQmPYUj8Rz9XrEtYNar3Skyq7M+W+igiDFAegVB7Tc+8cn3UwNn+x3d3ZtIDPIiAHI/95hz+4OHDjnlQRbZps6kv2WWYNHbKeJPdMuMHci648X6chk8rA2FokUaRxoqIgCqqgAKByAFfSKFVACgAAYAHAADgAByFfag+Vx7DfdP6Ur9VNDaNOjIZpmjimCFjKJOzkRgzYdcNkEeGOPLlTTYZ4GuTBqpZIwdLS2RhxDLDGrA+IYLmgiWnLiebQkMs2Vbet5J2KZ+iSVS0jJ4boDlfDIrpT2Aa4tJJ79JGSQvAqxxoXLRsGAKkkqVJz7ql7xgjB5V4NG6vWsDM0EEMTN7RSNEJ8iVHLyoOPo4/+cXRP+yW3+ZNXm1dx2umB07bh77aPlUqWyjDmQIodgFZwBvFVyVUtzIGTgeZoSwiBcrGgMhzIQoBc43cuQO8cADj0oIZojS/zfROjt1VLyLbRIX4IjOBh3PgMZAGCTgZGc1uJD/pi1DzpKwtrgNuqqBTvRHGASRngcEnlUqm0NA0QgaKNoQABGUUoAOQCYwAOnhXzTV21URhbeECNt6ICNAEY82QAd08BxHgKDqVqwzW1FBFdbtn9pfgmVN2XGFljwrjw3ujjybPlik7rPsjvrbLRL85iHWMd8c+cXM/hzVjKKCsegtpGkbLuLNvopI7KZd8DB5ce+uPAMKYmgNucDAC7geI/bjPaL+6cMv51PNP6pWl4MXEEbno+MOPuuMMOnWoDprYTActbXEkXHgjqJF9ARukepzQTfROvmj7jHZXUJLclZhG5PhuPg58q70MgYZBBHiCD+Yqu2ltj2kojlEjnHjG4z6lX3f5864iaA0nbnCwXkR55RJR15gpw8aC1NFVZGselIuJuLxQOGWeTAx473CtTtC0n/ts/wC/QWor4XN0sfF2VR4sQo+J4VV9dZdKXBwLi7kPgjSH+D31hNUtJ3BH9GuXPAZkVxz5d6TAoLBaR2haNgBL3cBx0jcSt6YjzUJ09t0iGVtIGkbo8h3F8jujLMP3aiGitjOkZcFxFCOu++SPHuoDx94qbaE2F26Ya5nkmPMqgES+hOWY9eIIoFhrBrxf37bksrFWOBFFlUP7O6vF/wARY139VNjt3cFZLn+jRHBwwzKQegT6nD7XEeFO3QerFraDFtBHF4lVyx9XPePxrr0Ee1U1KtLBcW8eGIw0jd6RvVunouB5VIqKKAooooCiiigKKKKAooooCiiig//Z', 'facebook.com', 1);
INSERT INTO `colaboradores` (`id`, `colaborador`, `imagen`, `url`, `tipo`) VALUES
(18, 'Ajuntamenitento Benuarda', 'iVBORw0KGgoAAAANSUhEUgAAAV4AAACWCAYAAACW5+B3AAAABGdBTUEAALGPC/xhBQAAAAlwSFlzAAAOwQAADsEBuJFr7QAAABl0RVh0U29mdHdhcmUAUGFpbnQuTkVUIHYzLjUuND6NzHYAAIVfSURBVHhe7b13cBXXtu57/313mxyMDc72zjYoLkmAcQZnm5wzyhJCQhGJLJISKOecMxI5m5xzNNje3nmfc+85r168r27V/d73zbWEhViAcMD23j2qZnWv7tlzdbe0fv31mGOO+V8ss8wyyyyz7Ee1LaUJ2FuTgLb6Ajg2WWaZZZZZ9kPZjooEHKxPwOHG1Ti9ZZ0FXssss8yyrtZSmfG9wHFrTRpaCuOxv3YZwbsEhxqW4XDzarQUxGFbeQJaixK+NwgXpkVbQLfMMst+vra7agkaitZ8Z5AdbFiKz+qXYX81QVsSjYasUOyviXVAeCl2tpR9q++ozks0x7W31KOtOAFHmxKwt3q5BV7LLLPs52mHWtZif52AuQTVuUtRk7scLTnhqEgLemiwNeZG40B1PBqyw7C1JBLZq+dhbeQUHGyIJ3jj0VaeiF2bHx6+jfmxONq8HCdal+FY81K2R7jXxGBLbaYFX8sss+znZe1V6ThMIB6ojcNndUtwoCbOfD5YT3jmLMKWhpJug62+dBMO1y43andHeTQyVs5D0Oyx2F0RzW0x+KyWqrcxHltLlzw0LGvzVqC9KIYPCCndWCrphWxrKbaXRaG5Ot+Cr2WWWfbTt90NG7CrMoHAJXQJyrbCxVSoi5G31g/7amJxiOCVi6CtdFm3oNZYnoamsgwD2c9q5OONQ0rCTCreBShPDTYwlrvhs3p+V1XqQ4GyJmMhmvMWY3/DaqrmBGQR6LmJfthaHI0thRFUv8vRXhKHuvwVFoAts8yyn7btrOIre1086jNDCLZwVKQGoTpjEZVpHA5R/e6sXNptkLWWr8eBuqVUzEvYZhxy185H6th3kTnydeQtn4ctRRFGUe+pjKEajsEWQrMyM75b7bfX5rD+YnO8gF5LEK+LmYGaDLv/WKDfx+91VLfMMsss++lac36Cgey+qhg0ZochYsE4AtgO3gM1MQRdArYTkrVZ4d2CWms+FSgBeaA2Fsv8xuFQ3Cps/dVIVI79EAXrfA186zNDCeh4bCmNfWCbOxtysLU0BrtailCUHI591TGo2BiMjGVzkLN6Hlp4rvtqqKQbluB46zLj3ti9tcUCsGWWWfbDWWtdPopTuwfFrra5Kg/NhSuwuzLWqMaSJD+kEGapifMJtwADzz2V0Qa8W5qr7/kdW6rSjbtic4EUaRzhqk65QMSMexdX8oux/TcjUOY2EmuipqNyYxDhGWs62erzV6CtatMDz70lLxLbSiPRSshuLghHeNAkTI+YgqjYachbx/MkxA9UJxDCUdjeXP6t7sXuxiwL1pZZZtmDralwJXZS4TUVfKMcm6qLugWQnZtrcXhfO3a2VaGhMJEKNwbRCydiXNxUfBg7CcuiZ2JrsT0iYWd5LBpyIvFZA+FWfHcM7p7qVdhD8O2tiuarfzCqCNeM5XMQPuFdXEjLQtvvRqHEfSRiA8aiLCUAFakBKE/1NxEJ6tCryVp8V5tyWxysX4GWkpW8vgSjkneURSOXD4UFEXOwsTYbY2MnIyl+jlHBO8sjUZKxCm3VGdje9HDwbcyLxv665Wjldzk2WWaZZZZ9Y9uby9BYvB71ZZkEThy2lkSghuBsrcpGe+GDX907rD4vAY25EQbcu6qWEmpRCAqdgnXlqfggbiLmBo3FqvBJBqSVafayn6/0KjsqvwFUVbY64GKwt3IJwSv3RCxa8xcZdZoWPxsNH45H27M2ZIx/n9Cci2pCeXN+OOvGmugJXcNunkNeUtztNpvyYrC/dgX2VsdTjcdgd1UM6rNCULDODzGhk5GYswG+GxZibNwkpC6djX01S6nQQ3CwbgmOtqxGc1H3/Ma1ufHYWplogK7ORKn1Aw2rsaXKGmVnmWWWOay5NInAijGv/wKXOqm2Ebx1WWHYSXDurLIDp702E7U50djWXHVPgNSWZqOhqsR0qBUnBWB7yWIEBY1HxZZ6jIkahwkRE7A0ZCJWRc4gABOMK0IRCdsbsu9qsz43Ds2FS9FOpbm5MAZtReHYJxdFSSRWz/kYxRM+xLroqQRsFPbxvD8jcHUdUtJSq9u6+Ho3l64zUNb17aqIovKOQEWKP0o2+CFg5odI50Nm3IpZmBw1Cclxc1C+MdScW31uNBqKkx8IzdaiOLTUlmJHxRJ+v32ghym1CaZzUPHG8iu3la1+YFuWWWbZP7ltLoxEW2GEwye7hFCK5it7ANqLFhMgsdjZkIR922r52h9LEN4fGvtqlmF7abRRp4qHzVg+FwHzPkJyRQY+jJyMKYsnms6rbaVRyElehgNbq7G3tfi+be5uK8cOtikVvZfQVNxuSXIgigjMgvW+2MXtOysJ3ZoE1OUtRXXBer7eO4+aaK/OprJfg8ai5TzPSCreUDRnhyFrxVxMj5iMdyMnYDkVdfKSOebBUZ4ahBYCtZbw3dV4/4Q8rQUEb2EcKnLWYUtxJO9dNPbzgbBP97WWSrx2GT6rF4StUXGWWWaZw3ZvaURTXpR5Rc5f62f8pnvldqhcbTrCmnPCsaWl8Z7QkEtCcNlL0LQXhhOWi7Fx2Vzkr1mAOYumYEzIWETFzDAKU0q6NT8SzQVLsK32/h1QB6qXYGvhYuxozEdDThRacsPQmLPQjGDbRbVbnR6B9pJ4tFWkY3PZKqrT9fdtr7E8y7SjTruaTcHYXhSB1rwwrE+Yh/S1C8zDoil3EVoLwrE5bzEV8hITbrar6hu3hTNrLlhqXBi1OSuwuVjujFiWaJQlB6Ephw+x2uX8HEdFzHtZvtGCr2WWWfaNVWfHI2+9v+nM2lsRa9wPuwmLPYTGFipJwXh3RRzyU+6Mb23MX4G9BG97URRqs6JRlBRiogZ28dji9QHIXuGH1PhZaM5dSOUci7qsKOMDbcoLR2vtvUexbSldgt2tlajLjaNKJXjzw1GXuRC5a3yNIm8v4vGE6L4dzdhWX8hzvH/c7ZYSuRkWozYzAtVZS/iAiOS1BpvcD5uWzTaw1Hnv5LXXFazGtmINzliKzaVL0VpXelfb2+rzUV+SjJpihajxXHl/dpWz3bIlaONbQ0rCHGwuvDPpTvLKiPueo2WWWfYvaBH+E5C1fB6Va4SJxd1IFagY3NqMUEJXvkrnHU0725vM9rq8ZUbxCazyqyrcazdVrnywhet8Cd54bG+uQU1Byn0BtHvrNwq7nfDaV5XAc4pCUXKIObeqjSHGv6uY280ly0zdqpz7RxHU5ySgrjgFu7c0oSIvySjnVqrobYSx4oEbqexb5FsuiaV6vndyn5bqPLTlRxn/7Z7qaB6zhNCP5YNGvublaCmIQs7qBUhbOvu+52OZZZZZZmzN4tnIiJiJ/HV+hGYwEkInICVupklws6d6GbZW3T/bmFI27qVClqKszqCyTA9B9aYgVBDA20sijCtiD5Xw3s339+92tqYsgjYrBhX5adhRGW98vbXp4ShLX46a9IVUsQ8Xd1yeutBEXch1ofOpTgsxnYF1mXy4tJajvS6b13r/SIa2ig1U3VTi5dHm4VLJNnaUxaI8JQilyYEoXDIba2PmWeC1zDLLHmwHfN7D9V+/hrIPPkBBkj+iFCubGgjlNtha/uC8BVtLY9FenYnGqmyCKNJ0jhVvCCDkFqFwQxA2Uw22FYTzdd6537Sp/t4DK9qq0rC3WmFmisKg0qztPrw77MDWSuyuUiIcQjJtMbLXBKKMsNxKxSvXQ32+XTW3FkbiwLZ7R3HIWmqLsKU4BlupwDNXzceyRZNQnRKMLXN9cWLyfJQsXPjQ52eZZZb9C9rBaQvwx5UpuPnCSGQvmIwCQlMjzhSG1VS8Hs2Vd4d/ObPdLaUm3CtnTbCJZNhDUG4uXIzWeucw00CF1oJIlhin+3e2lhifscLQNDRY4N1ZEY2m8nTn9Rtz0FYci5YuscglOSnY0Vpze5s6FBUxUZgUiJa8cCiUzbHrgdaQH4/GnEVUuP5mZJ2GMJe//wH+fc9+fO79MQ5GWQMoLLPMsm7Ygbil+DqnCLcm+aHF403krfU1w2p38RVfHVw7CdP0Dd1LdFOdEYmW0hSCW4ls5KeNQXtxFJor7uzZ31ybZ2JeDzcswYE6+7Di5oJ47GouxB6WloIl2EX1LNgKzC2NddwfbQZXyO1QlxWN9rpc0+bu9mpsq92EfTUrsKdmqQmRaypzPoy4tXiZ8ROrnbbiaLQ1VaEsMx7t9Xd3pHW17TXJONK01CRmV+RDU24YagjvwwvC8NekHFx5aTiOFt9fMVtmmWWW3bb9H8/Eld+/gc0jxqAkKQANWYtQnROPvOSl2Nlm70TrarXleXdt30OVurUkitCMQWNeHEqzVhNS8fb0kISx4nPtijOasI1FXUky2kvsw34FQ3Xq7Ses91drYEQcFXMUzp48gv/1v/4Xbly/jIZ81nPU7ainrGL6DuVbUF7dI03xPDYGDTkxaK3ciF1tJXwYrEV7UaQ5bk9VnImx1Tkd2Ny9CTT3tFUQ7Ev4IJICV77hWNSkh6Bk+XzsffkNnPX+ELtHT7Kga5lllj2cncwqxsYlsVgXOx2lKf4Gkorpba9MuwMoW5srTYiWktq0FcehpWw92qo2YnNZItVglIlwUJLxvVtq8L//539gW3MpX881QMOeJF0j5RrzE3Bwzxb8j//x/+KLm9fRVpuFBg0/Vkga4dleGInyjFicPX4Q/9f/8X/gf/w//w/+P9b96stbqClMwY7y5aa9fYSoRqe1FFK91mRgZ3u9CQ+Te0KK2ahuno+Weyqk3mPQVL4RNblLCeolBr5bq+8fbdHZyrOW8dqpeAn/kg3+KE8NxZrR76B4vBXNYJllln0H205Q7iiPRW2GfLWRBGkMKjO+cTXsqE0xuRE0Jc/+WqpVqsu9lVFGZSoGWJ1omqzyP//j3wnL/xv/+W9/xMXTx1CcmYhNK0NRnL4S2+qzsLMhD9uqN2Fr5XrCbwPK0sJQtM4+mKN6YyCaFOqVHYnNWYvRmBGBpsxw1OcQ2tmLUUpVXrg2ENmr5mND3GyUpcdjC+F9cGslqnLXIn+dv8m3K3UthSulKjfDsQPb8D//5//E2WN7sLU0ygD6SFMCdlVSaTel8iGyFs356siLQc3GOzvKDu2oMnmHa9KDTcSGwtLyEuejvuTB2dEss8wyyx5otSW5KE0OxsaVC9Fc+Y1LYd/2WuwmyLaWLsfnVy6ivS7P+GN3lMVQHSegKmMx8jYEo6F4LV/141GdGYn67EXYoqgG5VkgnOX3latBS+Vj6PAFm1jgKqrTCqlTu0JVZ91OKleNWpMa3knYK3+D9u9SBx6Xeghoua/KvpRSVxRFSZI/UhLmIj5kIhKjZqGuLAMXj+/C119eo4r+DzSUJJvvVNIeqWaFvJlzIYzltlAi9t0t32Rq08wULaUrUZASxTeCIDMIYzNh7thtmWWWWfbdrbFgmekkay1Zjm216VSMKww8FTJ25ug+/L//53/HrSsnsa2p+HaIVm1mKLYRjFKMgqiguINqc4dASRWtSIftBFxj1kLjI1V+BB1XnhqIyk1BqKOSrFUc8EbFAgejiupS26u4TaPryql0i9YuMMo4f4OfGdFWvN4fFQJhRijaCxfxe/j9BKlcEfIDKxm7phJqyg7l8X7IW7MAOWtDkJsUi+QEXxSu92P7YajYpAiHBLTV5WNzUazJVLavltfc9k1EhGxr2Qrj491cZkUwWGaZZT+A1eTYp9nRK7ZGpdVlhCBjNSFXsBTlacFmAIJe15WZSwlsdlcqjExzr0WayIjGnDCTFjItfiZKCEglqmnIXmgU8F7CUG6Kg2xXgNwrZVtGxUolu71osfH1thUsRhlhuzFulkluU50aQNW7GLvlAhFMM0NM7gXlc6hnu5p2qDwlECXJBDSPK+V6Y+4ibCuNNonTD9VrSiEWLo/ys9Sx/NXFhG9lOlV1fQ4+P3/E5BnewmOkepUAR8pYoW2mY48Po6YiC7qWWWbZD2xLF89DYuR0e/pHR+eVUZUEpsCs4bfVVKeKb61MC8LK8MlGse4gJPdxf/bKuailYlXCHKngeireetYXRPfIBcGipfbtpmLVkGP5eVOnfoyW+f6odn8dpb+xIeWD0chcNsdAeTdBvbXAPqNE4TqqXqrmKoK5mt8vhazvV/Jzgb6J35cUMx2bls0z0xK1Fwrsgrf9GpQHQgpd4Wua+FLTy2evW4icRD/TMSgfcZvyUuRQubffqYAts8wyy34Qk4vhM/k+qfakGJVcRp1MlXIBbApBI+EmH6wUrJYpsTNQTtVZRfhVUyXXEaIpS2Ya5ZtJ5ZqxfJ6BsRS06kv9Gj+rgXk0QbgEm8KnYducAGyb6Yv6X3uh+gV3VP3KhqKlc1G2wd88ADr8ve35EchdPQ8FaxegYI0/chMXIG/1fPNdmgFDw6E1rLcyLdD4cQvX+3IfIczj6rJD7WkxeX279P2EsJSuVLyGGG9aHoCCjA0WbC2zzLJHZ83Fq8wrunIdSEGWpwSgISfMqE4zySVhJddA5so5yFg2G8mxU1GW5If85CCk5SZjYvQU+EZNRd66BcY1kLNiNnYUE3iErtJGKixLMBfY1aEm8Cq3bQkBmvX+uyh7yQPlz7mjhNDNnDXWpJ4UEDWyTgpaynV78WLUUFEXUPmuCpuCjIR5KCR8c1YtMOdUuGY+yjTaLCMMJSmBxi+s+ds2xs9C0VpfA2z5j+Vfbs5dhD1UwQp9kxo2URtcOm6HZZZZZtmjsaR4X2QTeHVUtoLSQQHXMQJMEQfZhFz+mnlG+eYkzkflxhAER85FxLrFGBs2HvExM8wr/8b4GUilGl69iCDmMQ0EsYlMUHQB291NmO6gipUbQW6KstQgQnQuUhZPRxrbyCFABV2BUGDcUxFnQKnpgATyeqpv5d1NXz4HWSy5ib7II8Dzk/yRuDYK1e1VmJ4wE2t5jvlrfLEhahbSl85B/upApC2ZjcrUYKOOFRFRkxlmpjZSx6Cus72o+0OLLbPMMsu+s7U1ViF91XyTOLx4XSBKqCwFXAFJPtWy5ADkrJyLfAJNijhx8RSjTPNSA5FEAGoiyXVR09CQpdSOCVSoHZEHCuOyK91dNUuws0LT+VBBaxYKqlkpWR2rqXvkWlB4mZS3XAyb8xfxuwjITYqECDY+4ypFR/BcKqiiNxDwGSvmIjV+JjbETMfK6OkYt3gCPo0Yj/mx03jeAVTIVLqEu2ZHXhM5FYVJQYRvIDKohIvX+fK6Ao2LQr7rbMLZcTsss8wyy354a1q+FtuGj0ady0ik+IxCTVqwiQSwT89DtUpVqE4pKdjd5XFozwnDhuhpqCUU5beVHzc1bgZaskMNUJUPVzl2m3IWoS5roYmJVWdaDUs5IafQMalYu5INRV16qImIqKaibchZaA81IzjrMhRPG2LUrrZVELqlUqw8NwFTnW0Cc/5aX6yMmGhSVtawbu6qeVixcCJV7kysj5yCFWETsTaaD461fqZzsDolEJtiZ7OdAKTwvOMCxlvQtcwyyx6tHQqJwj/atuDqS69i369HYH3ENJRu6ACvvRwggOU22FEUYfy+gltVWqCZRULTsa8Mm8TX/7kEbShK+SqvsC8pydINvigkLLNXLjAxugVr5tvVJlVrMRWpfLAlBGL2ijnIXsWyYh6KuS8pdqppcxWBGh8yAUuDPzUTYm7id8ina5/c0td8R0rsTCRT+bblh5nvzlo2h+cWhHpCOC9RHW08L6nmjcEmJ7FGxh3kA6Q5cDpa/f1QlRBmgdcyyyx7tHaqoQlnJ/vh2G9exfqP3zNKsWOaIEU6KBa2OXshyjdScRJauWvno4ClMtkPzTmhxmWwtyLKEYIWbY+QIKgVQWDif1nk09Uw5O2lVMMF4SZloybm3MrtGhixvTgc2wh11Te5FxT9wCJFbRLmsEhZb84LM+eiQRX5iQuQvnQ2VodPRh4fBO35i8w2AV7nWSW/cGawidBQ55t8ylLcKpVUvEcn+eJGciaOeY6xwGuZZZY9eitISsbyBeNMvKwSiKuTS51oZYqd5St8C4FnwrsUHyvAEo7bihab4buN2aGoJNSkbAuT/JCxbC7SEmYic9Vc1FBhJi2ZhU0JcwwAS1ICkLF8joFn1qoFVMaa7SEQGUu5f1Mw683GxmXzkCN1TDWctWo+cqhaSxW+xrZaqWp3lCg6QqPWlETdnjBHM05oNmQp3kIeV0rVLD90keacozpWft0GuSIyQ43aLqXKLh//MXa5vYk9n86ywGuZZZb9OFaWvQYFhJUS6EjlSrl+VhdnlgepfLdwWzlf4fPX+yF95Twz59rKiMkoFOQEXcJMIVuVaXaFqdd9zQShCIds1lfiGQ0fzlvN9bxFJgmN/LxyWUhFSwkXsB2VipRA4x7I4bGKQtAItzUR05C+fC7Wxc40HWua+VhuieINfuYBoNF3ygH8Gc9Vg0C0TSPrMlfMQbKiJlbOQem6BahKD+XDZKEZzpy70RqlZplllv2Itr2t2gy9NWqyLh7bymLNIImNVKPL+Dq/IWYmcglLDRWuosJtyVlEVepn8jJIUcp/Wms6yZThK9iEmCmErJjgLFjjazro6jOkOP3MqDYBUx1vKoKrIF3IbfmEsCIOGqhO9X2KBdaoOinn3NULqKZnmNjczJVzUcD9mvF4+aIpSOV5boibzmP8DLQVlnaofimONiUYl4WUbvrSWcheMdtEa9QWrrOga5lllv34Jv/qJirJlYsmY+3iaYj1G4/U6BlIJfSyV9lHiWmG4qrUYDM0WNO91xG8ikhQLgVB2bgeCLZmrsttIX+rXvmVhlKDNKRm9T3lhLVyMTRTCQvc8ilLESt8TTBXxEMOFXixw82gKdsVIpZBBStQa9SaFK/U7yZCV/U2xM1AHiG/NmoaVrNs4HlLmbcT6hoQcoQPFvmcy3h8XfGduYgts8wyy34UK8tIQHTAWCwPmYAUvp4v8ddyJlJiZyFnlTrVfAlEe+eWspWVbAgwCreSRclrFNVQlxVi1gXZLcURdr8rgS1FW5sRYtwGitktE5wJ3aYcvvYb8EYTwEEG4FLOGkGnqYo0PFkg1wNBbg0Bt4SKOI9AVaKcjBXzkb5inoF37qoFphNNQ4Y3LZtjIhrW8cGxIW4mNi6fY5S0ppA/3BiP5qL1Fngts8yyn4aVF2YjMmA6lgaPR2zABCTFSvESXPGzkbN6vlGf6kyrz1Q6RypfwlQpHtUxpyxiGvAgWAqoGhihxOICtjrAGglUDWIw4E0JMFEKqqc6GrQhAEsdq8Otju3LlVG0wY9QDUb6SoKXsM1YOY/Hyi9MyAq83J6dSBhrfelcE+ObxTqm8GGRLNW73p5mchPhK9eE0kQ6Ltcyyyyz7KdlacsCsIQAXhoyEeuipiOVr/tSmYocULSDOtSkMO2KN5AqdRHVqj2/blt+hEnNWKF9hOmWonDCeqGBttRtKeGqTraG7FCjVjWRpRSvFLLalo9Ys03oc2VaCDIJUinnHAJUqlj+YM0hp5kqlDinJNnfuERKqcI38SGRtnS2cUGkJnBJ9bueCj42aBKqCzda0LXMMst+HlaTtxoZa8IIPn9spLLUcF0lqSnaoEQ0vqYjTMloBFSFc7Xkhhsfr1wRSlwj9duoMDWCW3G98tPK1aAoCg3rVRJ2wVvJdRRaptwQ2aulagOM7zeV8JSPOVuqm+AtoIpV0nRFTCifr9T4+qgpJooiMWIyISyFHoCStDhsq82yYGuZZZb9c9j2lgq0VqajaNNS5KwNJSRDjR9WMboKLVM+XYVtaVivhhIrqqGIinRHRQwKCOnWfCrkTZqtIgDbCOMCAloRENXpoajJCEfGyvmmvjroBN5NhKyAn7fGj0p2Lvf7ISl+ATYmLkZzaTLaG0oswFpmmWWWba4pQn1ZFhqL0lC4aQ3yUlegrToD+VzWFW5AZc5q5KyPJ8DTUJS2HFlrY1CYtRplOetRkLoSjWWb0FKZg9baImxvrrbAaplllllmmWWWWfYvb3nD3kDrr0ahduhraHjldTSzNA17E42/fw1t3N7821Hc/hoafzUCm3//FrYMfQvtrm9jO5dbh76D7W5jsMvjXezxeg+7Pd/FLs8x2OrO4joaW13GYBvrbHUbjWaPMdjs9g6a3d9Gg+do1NtGo9pjNBq830Wj1/tosnE/6zR5vYtarutzvReXbLuF7W4dxv2vvI1mF5W30OrxDjazrVa20+jJdbbZ7PY2Grmtke02cnsDl01eo1Ez6gPUvvo+6ka+hyoua1/9EDWvfoDS1z5A9Zsfo+Ltj1E+ZhwK3x2Pog8nmvWy0Z+i4a2xqB49FhUfTETVO+NR8fFkVHwyBZWsU/bRFJR/Oh3l42ZwfSq3T0MNPzdMnoeqcTNRMH6apbYts8yyu629bTPan/HA1cHeOP20Fy68MBKXn/TEBa6fe3EELv7mdVx56TV8/ps38flAL1x53ANXntDSE5cHe+FGf0/cGuSFP/b3wpeDvPHl4yxPDcdXrPvVIB/8tTe39/bAtT5uOD3ADWced8dZtnFmoDvODXTD5f7uuNTfDZ/3dceXfTxwk8urfd1wo587rvRz43HuLK64zLK7zyvY39cFZ3sNxbF+w3CKxx9/1huHH3fD0UHuOM3lOe4/39cVl1gu8/izAz34PfxOfd8AV5xindNPeODEYA+cHOKJw8/YcPQpG45w/RDLwSfccXCACw4NcuNndxziPm0/pv2DPHCs/zCc6O+CE/1ccGSgK46y/mm2daa/K87zO64NsuHGIE98OcALbS95W+C1zDLLnFvbczYDvUsE2QUCRMC7REheIkiuEDaXBxCcT3rhOiF7TeBlveus8zmhebO/B4HM4wnem4+zELg3+9t4nA1XCeebfQl11r04gOAjdM8QfILuGcL2LEF4jstzBNmVfvxerl/m8hqhe5WgvUYIX+OxV/n5C7aT/DtvM4qtYbALTj9J2D3tg+Ns7wjhePIZbxznw+IMAXy2D+Hbm4XLU32GGRifY7vnWS70dsVF7ec2Lc8RoJd4HhcNsIfhdO+hOM1jTvV+BSe5PNubhftOC9qE/UnWOcljBP7jWmed4wS1rucMr+OUHgCE8Tnet7bnLfBaZpllTmxL+2ZseYpgG2DDhcGeuEpACpKXCV4B8MJgGy5RwRn12ZswJuwuEC7nCTuB8nNC+XPBl1C+SXhfI2yvDlDxIKjdjXIVpNWuACfQnmfbAvw5Lk8S4ipnVaQaCbXjrFc9cCi2DSTwqFxv9OY5UQVvmPQRcpbNw87fvopzVLpXhnjjFJXoEarTY4T6IZ6/VOgJA0nCkVA8T3BKLV8kdC/yPATgSwTuRYL5gkDMeucI0Yu9WLSNYL7A9fM9Wbi8wG069hTbPU3QniKYT/V6hUCn6u47FCcI6A4FLDAfd1zLRV7b1ifdLfBaZplld9vW9i3Y+qwnLj/lhfNyMTzhSVBS5RI2Bpp8Vb8i8BKilwm/iwTcZSrW84SLFPFlKWCpYSlclktPEshDvHD5CRuP9cKtXnbwStFeIlgFX8FO6lOv/udZzjigq+XJJzyw7TlP1GiwAyGb7TsZ6e+8jQ2er6GIn9fM/JigJogJxHOE6lH3d3DM9gGOD7EZZXqGcDznKGcJzyt9CHmBV4pW5yDFyyIVfEZqmNvOan9PKl9C/hyPkco9wyKQnlY9PjSkrM8SpicEXylhbj/B5RnCWZA/zrqn+hHGhLDujR5cm5+xWeC1zDLLnNt2AuIaQXlWfl2qxgvGvcDXfL7qS7XKXfA5VedVKl4p3wsEywUHgA14qXIvOYrU7mVBmMC+PtATX/TxNIr1MpXuRSlagkmv+Bcdyvc8twm6Ru3y8wW2t5kKPCNgIkrX+KItfxF2F0eiPSsUW7lelxaMVfPHIWnUa6h/yYbmF71wyOt9o3xPUImfIUgvsH35dy/wQXGhl13FXiRU7WrWBVd7ueKy1lWXRT7hKz14DOtL1Z9nHUH5BK/z1AAXnGS7Jwne41S5R6lyD/d+GcekdPlZClhKWPXl3jhtFLS93bIXeE/Kyi34WmaZZXfb9hd9cI0q9QIV78mnbTj9FJUrwXmNcLxCuMptoCIFLCDL/3vBUYxrgirZqGJBmNA2EOa2S1pXYVt2dexuh7ZDEQqypi1+j/ZfUlusK1fHacJuO9Vvo+1NZL39NvKWzcW2wghsLnAkVy+NxNaUIGyc+BF2DX8fxwRHqtALVKrGhyu3gVwFVLJ2v632sQj4Aj9V7iWWC4TuVaric1LBAicVr9SuOsvk8hB8jxK6x/hZ7oUjLMfZnvHt9pLbgaqZ9aWS1e5JKl9BV66Gmmf58KmutcBrmWWW3W1tz1DhEpDHCF11DinyoKNz7SxhfO5JwpCQlEo1oCSM5J9VZ9xFlkuDvQx4L0opG/jaDFSvUi1fMzB1JxipHnWcXsXlbnC0c8nUodKk2rxOtSloXqJavU4Yrh/sgoAPxiFi7ASsD5+MjMgZqHjOGwUuo5A/9WPkhE9FztujcYhK/RTbPc1ygcddcShcO0iH4qx8toSyPtuB7EJQqi7r8PvOsY4AbdwGipiQD5fK9RjPU/CV3/g4i1SuUboCL48RgO3HSPGyTUJbbggDfh5fO9jVgq5lllnm3HY+72XcBgKu4GjcAQTHZao8hXydIXg7wrFUzhLO5wnU81SCUsBXCdnrXF4hQKWAFSJ2hcvrBLVU82W2Id+tfJ9XHcBWpIOJmqA6vMSiegojuyJfKz/v5ndP/2QsVsQvwdwZs9CUvRDp771j6siVIKW670l3bBvkikNsT6pUnXRSsiYqg+1c6cl1uRoIUx0jv7ABr8DI7YpeUL1LXL8o9wLrCcSKWjjKe3CQ13qIS6npI7w3J7luCiEuH+9ZnucFKvSTXAq8avNUX7kcBH43VD3rZoHXMsssc27tL3gRnjacIRzVI3+BcJHqFOQU8iWFKqCcJZAuCNBUf+epbo2rgEC6NoAql6CVq8AU1rko94Ta6KUONQJdLgejmBVfa38Vv9Lfftx1deJJ+VKtft6DapffG/3k77Bh7EQ01VchMzUZscHTkPZrnmcvO1wNPNnOYZ7LGT0MCEK96gvIUuZXCcHLLKaeYEs1qg40s+Tx6jST68HUcQBZLomjUrosh6RuBWDeDxMnLPCyyPVwmuUs148P9jShcWd5DYqAkKIWgPXgUQjelmc8LfBaZpllzq39GapWwkKKUbGoGqAgdXiFr/5mQALBYmJvCTqjeB1FavgsYX2GADpLsF6h+pNyljviCuEpcAuoUsFHqWCvyEfMY+zRDfbOtXNaZ51LrCsgC9ZHqRj9f+WCA0M8sPzTCairLkdrcz1WJ8TC/+NPkTxkGDabCAIClG0odlewlcpU55he9RXLqw40A2Rei9wJp3srDleq1MVEJ0jxdoBZrgFB8zi3KUb3GM9TAykOErqfUfEfpro+wntzVC4Hfj7OcvQpT5x4ymZ/AxB02b46285LSfMBsIXn77jFlllmmWV3WuuLCv2ieqOKk7rV6/dlKVXCw4CNEJKvU4MHThM8J1hPis8MiBB0nvDEORb5e02kAouiClSu6rWbgNTximAQ6KScBfSzbE8dXALz9Z6uuEkwXyOEUx9/GcuCwpDySy9s50Nh5ch3kJmSjKbqCiQFhqDxWU/EzfLDCv9ARL35PlYOHYGSZ91xmN8rpa4iJSufsfk+AlFqVuFfx/idgutxKlp1kJ3n90utKrJB/tlj8t/yPFUO83oOO1TvCT4UpICP8fqPS+0KvnzgHNaoNV2L2pKvl99lHlpsdyv3OW6xZZZZZtk3tm1LO9qf8zCjzE5RvUn5XTBQJCSl4gQhguYUwan1sxoiS9iee1w+W0LnSQKbaledcBoye4H11Gkmf68AqE4zbVN8q32wgn2wgXyvN/u4USG6on7AMOQ+54bGAVSxBOVhAjhk6kwUZqdh5Xtj0fqEC+qesWHD+KnItr2BPK93UFVehPrKUtQW5aE8PwsZSesQt2A+Vrq9jiZC9fM+7mxfIXAEv1wTPewdYAoBE1xVThCi8tkKyDqnMzo3QVrXrHOW35jXrjcB+b7lZlAs7xnegxMsR3gf9EA5R+AqNtg+4s2+fpXfvdVyNVhmmWX3su2/G4GrT/sY8JqQK716s6jTSa/qUniCj4bNShUrXlbwPUVFJ9Wn404p/lf+TpbTrNOhfKV2zwpuLHIrCG4aSbaVx+e88w4KYmahLXMhduVGYnNKMIoCpyN91JtI+JU7VoeFoaq0EHHhEVjj+hrqqGpbWFLdRyJ5ygxkrU9EWUE2qksKWApRWZiLmpJcbEhYiPB3xqDyCVfjP77a193ufiAgFc0gN4NicqV4T3H7yV6v2KGpwus9yfNW3K5Rurzm47pWQvqwQsl4rCIejg6wq9+jGjghlayOOd0zQldRE5f54NpugdcyyyxzZtvbt6D9JS9cfZLwJDD1yiyXgt0tYFdxZgjuEx5mJJfgKXeDOuGkcJWT4OxgG5WwJ05T9Z6WCmbdCwPcDXz0yq3QLkUJCLpSn7m/sqEsYTZ25IdjZ9Fi7K+Iwe6SKDObr6b42VUciapV8xEy5g1siIhELcG6KWktUn7jhZIXPFDV//do7vcKqn5pQ/KbH2DVAl+krF6FssIM1FAB15TkobY4E2lxixD3sg9OK+eDBk3wuzWEWO4AgVdxuIrvFZDNCDXt62/vPOt40EjpC8J6mGh0WkcM7+G+PJ775Lo4ybbOKyRNwCV4BV8NGNn9tAVeyyyz7B62+9fDzeAIA1QCSIpOkQjGh0sAnSJgBSLtk6tAMbwCr1G36lwjdAVeuRw0yus0l4rdVVhaB/D06v55Lzdk/c4bDUkB2J6/CDsKFqElZyFSgmcgZ/pYlM8ah9zwGahLC8CO4ggzam3JpI8RPWs+lk6dhfpBw7B2YQjWLY1F8tufoGjIUBSz1D+rdm1YO2oMlgYQwusSCd8CVJXkoyJrHSKGv0FF6oqbPfkwkO+aylSjzaReNeLsDMEp14quz7gbeG26bntCH14/l6f4UDnF61Z0hx4+p1hMjob+VLwEuHzK8u2aBD1sS/7x3U9aPl7LLLPsHrbraY1Mk8KzRxmYbFuCK1WbgCs/pwAr9acQLjPMlzA6R8gKzqepls9R6Qq4Ur1nB3ma7YqnVXSDOrkUm9swyAU1a3zNqLOdxYuxrTAc6xdNw/VnR5p0krf6euL6QBsafN5G6Xp/7CxZjC0FEVg1bDjiXnLFrBFvIGfjOpRkb0R+ehoy1q3G6tAQxHw8jmrYGyVDhqGBijibSjj+3Y+RsmwpyguzUF+cg/gRrxOaVPG8LkU/SLXK5SD/rOkUIzzVSXaC+49L1fNaFblh1C+vXdfW4efWUmr3OCGtQRtqwwxN5jWakDmpXj5stlvgtcwyy5zZ1s1t2MdXYmUaE2Tky5TiM1nEBKAO8LKc5T4z5FeA5ufz6mAjXDRiTdtP87PCytTxpvoanqs4XinA84Rw8nvvEKRhqE4JwG5CdVvhIuSt9sXeV0bh80HeuDnAC3/sY8Px53xQnrgA2wnm7UURyAqeRCC6o/QZD8x97wMkJsShIDMdeZtSkJ2ahKy0ZKQlrcPKsDDEj/kYa3/pgUpCuPp5DyR7v4XV4YtQmp+KKBdvMzz4Cs9J0JWLQP7ZCz2oVHvLd+tqRquZ4cF6uHBdnWqneI3K32t83Lx243bQPeE+5ZjQ4Av5w6XsTXgalwJvGx9ojttsmWWWWfaNbWvfgr2OkWuCjBSuevPVe6+RZkpzKMVnBlcQPB3DheXzVYJxgfc8Fa6Sm0sVqiNK7gaFnAlMJjcCy3a2WbPeD4Wxs9Du8gYKomZja34YitcFImlFPHKT1yNn5XKUTpqF2tkTsYuqeAehK9XbmB6M/KeVn9cV+x93xaYXXbF6+FtYO2Mm1iyJRdbGFBTlZyGXy1zCODNlLWJCArDs1dGoGCwAuiHJfRRCJnyMyj4vm6gDO3jtsbzy7SrGV+DVCDjF7urhY6DL6zgxxIYTT3nZVT+vWdd4mPfiBKErF0qH4j3bz+4b1wg2DVvePMRKC2mZZZY5sa1t7ThAxauhvx0xu4pa0Mg0jb4ynWoEj9wK8usKxirG/0voCNhKbKP6J00RdAlggVcAF9AJo+Khw416zRv7vkmcfuzXI5Ee7o/qoiw01lWhobYCjSzVlSVYtSQCLTlh2FkUjp3FEQbCK0eMsGdGIxw1VPez/sOwc6ALap/1QNrLPoh7YzQCJk5GZGgw1q9Yhpy0JBTmZiBnfSLS3vgQW6g+q59yQfTjv8PVngRmXxfTMaZIBgFYHYpK/XiU13BUCpfLI1K5Ch3jZ0VvSOkqBE1Q1iALhZ0pFtnu17VHg8i32wHe7VYcr2WWWebMtrW348iz3gacJlaV8FFScTNAgtuOEbwKHdOMD3rllhKW71eqV51pgtE5RUQITE+6m/odRdEAxk/M43Nsr2JXeRTyPEcS1jYcftEHtTkZaCgvRXV5IXIzN6GhpgqJy5YhNnIxooOmImfFHKyLmIItuaFI+XSMCQlTeJimCTIj4riukDW7CtUIM3dsedYTqS96INQ2CuFBASjJT0cDYZ4ZEIzKwS5IGvwyTkrxUqUqQsGEggm8/V1wmNdy+ElPHFMhNPUg0QARZWw7MdjmAC+vR2pXSlfqVoXANTHPbMe4GuR24Hfs5nGO22yZZZZZ9o21tWzGsWe8jL9WgD0ptUeIaiiwBkWcYDn+gg8OEiKHBWHCVO4GqV/F9JqoBgeADaRYjnKbGd1GONmV4DBk/85GBRuBFNsIfP7iKOTPnod6ArG6shTrVy1HS3M9ViTEY8OalYiPjUZm6jrkxkxHzqQP0J4TgpT338YNAbefPT2lmR7IMcxYM0uY4cxap+LUoA3N3abzWEUIRwQRuiUFSF25HKt/642afkMNHE0sr1wOLEcJ8MM8d829pntwnEr3OK/5JNW+lhqppigHZSlT55oZfEHQdgw7VnIduTDsIWtUvjynnU9Z4LXMMsucWHtLK05Q8cqtIPeBfJrqTJNrQXG6Ur+HBWMuFceqMCwl0TEjuLj/HMGkZDknWeTzFZjlqtAsERoFJ5Wq+dNqn3FDU3Yo8sKnI/3TiagtK0BdVQmaaquQtn4NUteuRmrSelSWlSFpzSoU52cjctok1CycgZ2F4Vjm7o3PpXb7eNxOZH6dcFWSHQ3cULIejRZTkpwLhKFmolBsrlRppM9bmD97LvKy0pG6PhHRQ14xHWyHWadj1NpRwvQIi/HvCrq6XqlbKnYt9TagjjSlzdQAC70Z6GFjfNh6ALAoWkIPAY3808wXWy3Fa5llljmzNoL3zHM+ZsoeExom4BAuilAQhDWPmV3Butnz1CrmVQqPsDLwZR1FMSi8Sj3+8hFLOUr5qp56+6/14Gs89+eGTzWxuzlrw9BYWYbGunJkbtwI35kzEB8djeS1iYRxOWory5GTsRHLYiJRtykIzVkLkfPkMOPjvabZLAg4AVahbcpyZhKpE8BXB3kaVXyD0LtEsJ7tPZTn44rqZ9yRFhOFOTPnmExnAS/bcInnpOtRLO/xvkq442LAq0Q4SgEp2JoONm6zLx1RH4M9cOwpXi8fRucIVpOljeejJD/fhJLZwbtl8E+vc625sWGEiuOjU+P+51ngpPyHo4rqJHbZN9mx67ZxW1SXOn6O7ZO7bL9lDuhi3N6vS71ax/Z7nd+9SqJp0Ilxn77DnNe9jPuHsvwHS0d7Wu/n2O3UtL9TfRVzjVx259x1f3T8qU7bzHbTeBfj9q5/i6GO7dldtj+o3POauO9Wl7o7WGpZ/FjM9zkz7nvQOTj92//T29a2zTj/4ghcfkJT/tg70NSRpKQ3AvERdS4RLqe4VGeSGdFGwKgIvFK5SpKuaAiTxYzHSPGamFdCTa/eypegzGVZw3ywPW8R0pf5oaIoB431tUhZvxZ1hHBLQy0aaiqwZtkyJK5IwMqlsQj3nY72/DBsmvYhvhjkgyt9CbveHmYetxv9qHwJ2S8F4t5uJtGOfL83+3viVk+7S0Lxw3JHKN1k3DsfoyBzA/znzEbwex/jSg9XA1zF4t7uXOO6PQkOASv3yRBPU0zyICn6p73NNO/KTmbCy/SAorqVa0HDhTUppkkOxGvWd+8d4vVTBK9+QKccH50a9+vH5OxHssNRRXW6wvMumHPbe/eqw/WuUI5y7LrDuL0z8EwdLruC5kHledOYE+M+gUHfcc86Mu7vei3Zjl1OjfsFpc71b0Ozy/au5TaIuC74PhD43HbH38uxrSv4H1QedD0CrbPjOor23wVgbuv6d+5anD5M/ultc3MLTlDxapJL+XTPPO11u3NN6lWhZcepeE2UAuEkX6ZGpJlBFISr8flyn5KFSyVLHR/iul7HNSvE7UTjhNK+gS7IDpyAvDWLUF9RjOb6ajQ31KCxporgrTPrlaVFyF4ThOQls6iGU7ApMQ6pwUHIiwhBdkAAiuOikCOIjp2KlOmzkDNhOrKiY1AYFIKKt8ejyPsDtD4/ktfiTfh6mgEclwje4qfdkZ26GstHvY2Y2XNwnor4GNW7kuJopJ7gqw6zIwOoeDVbBq9Jql0PHrkZzvCNQH7vg0N4jdwuFazZNDRaTQl4tLyswnaN4uU17/6JpYXUP3l3/uG5TwpPylg/3s4/uNvKkeva37Hd6XV2rcNyBzS67FNx9sPt/P1OlSm3P/BcnBnrdlaf9wWPrFPdjnKv83EGm9vXzvXOStbpA6fDtL9TXRWj+jsbt3W+/ttvJV2N+zrfy/t+b1dj/c4PO7Wj/w39P3VVwnf8X/HzHQ8sx2bLNre04OwLI4xqVeeRcS9wKZeDQqkOUt0dYTGJYqRiCdxzhJMS3yhMTPU0aEKZuk4Iujx2v1Syjnd0dgm+Wir8bP8Qb6SvXI7aylK0teiPUUcIl6K+tgTNddVIT9mAxqyFWB46Ga1N1WisrUJNWT5qy4tRXVaI2uJs1JUVoKY4FzWlOagtzUdNkdZz0VhVjJa6SpSVFCFzfSJKf/8qjhGK13opx+8wJPgHoOR3w7F40lQzYOJoL/tUPse5Lj+vwss0eEIPEd0HPYAOqhON16SOQ/m0tU+J0U/001DhV8w08IrjVZrLc1S756l2pX7lQz7ANwfHbf7Rjf/0XdVTt17xWM/pj5XrDw1ex+bb1nmfo9ylxLmt8/c7dZFoe6c6DwPezm2rPEj1dq6rovt5x8NCnzvtv10cu43xc7cBqP2d6naU9xy7jfFz5+u//VbS1bSvU72HBW/n8+j85qP/q64ukdv3hOvf6m/zT28tjc049fwIk97xLAGrgRIKpzpJBSyoCrrHnuJnQuQYgXqcSlbuCA2V1Wu2ed0meKV0NVz4EOsf4Lo66AykCV+T8YwqUAr5bD8PVL/6CWoI0q2bm9HcXE+1W4O66jJsbm3C+uXhaC8Iw5rYIGzR/sZa1FdVoqqsBDWVRagpKTYQrqssQUNVKUsZmqrLUcNlVUUJ9ylTGWGstJE1ldgUE4/PqFa/6uWBtS954cyLIxD1HMHIh4Gm+DGJb3gtCidT8nMzco1gFWBNPC+vQ24U3RcNmDjGh46ga2YTJrDPUSmb2Sd4fVpXnLGgKxfHXt4Xx23+0Y3/9B0/nM7K5YE/PtZ5FODVD7fjoXCHiuTnHwS8nY5R+x3guCe0ZI46HaXDlaBjjZrVkqVDAd7h2zQNOIyfvy14O47Td3RW0J2v/5GCV8bPXR/qt1U51x/6b/MvYa0E78nnhxtfrYYEKyGMmV+M4FHv/r7BhO/TngZC6vGXD1QuBLkbBB8NuhCI1aF2erDN1FPYmVwTUshSgnI1qKdfEFb0gFRvfW0FtrTUYRvh2tJUZdwMLS312LhsAerSg5CUuALtVOOC7+amOjQ11qNJ7giuN2q9vpZ/yDqzr7mpntBuRDsh3lhfQ+BWoaGmhMsKNFAxp8fEYeeT3rjRxwOf9/UwPli5BUxidAGXStfMscZioht0DxzKVm4FqX3FC58WpKV0e7xsEuNotJuK8fHy+jqmJFKRr3c3H16O2/yjGv/hO79SS5F1QMOpz7Czcb/THyvXH/iDelCdTvv0HR2vpHeck2NfR73vE7wdgJR/tLOP1Ol3yDrVUekMWeOC4bIDtrq/9zwnfu42ALW/U1212fGQuNff4pGDV8Ztd/jdHZu7nlu3/jb/EibFe/65EUbtypepDGWHCVyBVx1qn1HtHnraZspRfjY9+4STFKJRsKyvKYA01Na8ihO4grA+K9ZVaSYvygequc76KrmMGxWxJ5aOeg8721upepvQTOC28I9SlJeN+vRgFK4LQHV5KTZze2tzE0sjlTH/cIJuXRUaaysNVGuoaOuruKwoNdMDNTfWoKGOCpmwld9YyzrWbW1qQDpBvofXoml55B4QLJVpzEznw6JMY4KuBkcoQuMIr0nXogeNAKyHxinNw9ZbAzBewTm1oWviQ+Uy1bOUroCrzGcqCqHb88RPo3ON//AdQDD+Py47+3of9MN/JOB1fO74rtv+1k7bVL4X8LJO5+vXg6jzg+l+4OqooyLwdo526LjHRo2y3POc+LnzNXUtd7hb+LkreDu3a1wjXbb9WOB1er1dtzspd7hN/mWsobYOV57ywXlCRspVRQnANRpMPfsHBVECy0z7TiApjEyK10BXnW18/b4gXy8/q/dfr+h6XRe0TTpFKkEzwSRfxwVfzemmLGC1z/mgtqwQ29sa0L65EW0tjUhbuwR7K6KwIT4Q7VSwm5saCU0WKtsWlqrSIlTLp1tRjFoCt7qiBJVlpagoK0FpQT5K8zNRVlSIunKq3dpqUyrLi1HD72mlKt4wbR6+6O1hBnQo7EtJzI8Ipn2G3la9JusYl1LC+mz8vqyjgSBStwpBO93zFZgp4wVaQlfDhDV4wizl0+a65n7bO+jHV7z8x+78j2+AxqXA0Pmf/369/o8CvAY2XAqAHSAzkOXyewUv93d+Le4cQdDZT3mvsK3b38HScX5Oozu07Lxd2zqMn+8H3q4+487AM5DiskNddjywOn/XTwK8LB3ul67bO5e7Ogr/Zayhth5Xhww3gyAUHqZ41dsz6hKieuXWaK7TBLEGRAi0ZgogLQkpqVopXYVg2Zf2Y5XjQVERFzSggOpPClPK0Mxooe193bDc800zTHhLazN2bmnGxhXB2FoUjtTVCWZyy80s+gM1NVDFVlegsrQQZYSsfMLNVLH1TbVobuCyvhZlJcXITk9FZVEuYVyI8uICKuMy1LH9DVS7Lc21yE5KIkwJR+Nq4Ln3HoojiuElWE9wedQRXtbR0XaEYNZ2+XT1wDGzEBPSHUlxpHa1rvYEXEVumMTvap/XvfXJH38ABe/f/X7kHeWePfrc9yjAe3sf1zt+4B0w/r7B2xkg9ypOOx671Ll9LlzvAGG37g8/dxuA2t+1LpedHx5y0XT+rh8LvE6jF7je7b/Nv5TVVtbi2mBvExJ2jvBUGJlesRW7KwUrt8FxdbxxqUgGJahRx5oAfXIAVSG3Sw2rc03uCeVoMPAlXJXb1sxSTGWoDij5VZUi8ji3KT1j/ZMeWOoXgH07tqKprhrFGwJQylKUk8HPVcav29xch4aGKtRzf21NJZWuOtLKjfptIIzVKddQU0ZVXIslMdHcTxVM6NZWlpkcEEq8k52+ESWFeUYltz5rHwGnGSJO9yJoCdLjPV/GcSrZQ4IwwSzFrqHB36SI1HWr84wPDdZTp5qGHJ93uFA0eMJMK8/rM1Pgc/1aX3fs4H1z3OYfxfiP3lWN3a84Vb3cfi/wdlXNd0GR2+4bSnSvffzc2f/6vYGX+7ozeKGj3KV6u+y/41z4+Y5BGtrfqW7X6/tO4JVxveNvq3vV+T7/WODt3Jl4213CdQu8zqyxuh43qHiv97WHk8nVoJ78Y4M9cWqwDYc1hfkzXgau6lCTW0GTVmqmBilE+UTNMSxSuFK+dj+w/bOU4NUe9o4ngUm+UsFbcLrS3x1Nz3lhQ1gE8nKyUZ8ZitRlIaipLDdKuKqsGOUlRaglXAXcxoZqVJSUoqG2lkCtRnV1OWFcgSrWl483PCQEtXJDlBWgujgXZUV5qKooROq6RLZRQQXdgMzXPzLuBoFRI+tMVAPBe5oAPtJP6tYFRwjdjkTncjuYMDqu6yEilWxy+Mqv61C8it1V5IYykilmWOVmfw/s//HB2wEwlbt+aF32O33t4/Z7/lj5ufPxd40O47Z79uzL7rWPnzt+rFJ1nV0A3xW8nc/nQfDQtd3R8dhpn4rTc+kw7e9c37HZGD9/Z/DK+Lmjnc7tPXLw8nPXELrbfluuW+B1Zo019bhO8GrUlwCqokERShIjH+/hIZ44SggrveM5AsikhCSMtH66v17BHT5evY5zn9wMauOkOtakeLlfSlGhZ+b1nIBShIMiC67xdVz5Fkpf8sGalctRlptq4ngL87JQaHy2ucZVUEfQqqNsg/I5bFhrXA8NdTXGh9tQV2lcDY31CjkrRWRIEGpMnG8+qooLUV1agLWrVqGpttKMlMv/3au4xYeMppGX31YZxZQiUiPX5FrQFO6a1l2da3KJCMBSvPJ5K/b3LFWy1K6uQ0peDxYNXVbnmpYasKFQsi/6ev6o4OU/eVe1e5eidVLHmWq9H3g7/xgFSXM8l1KWnfd1lM7RCnf8WB2bbxu33dFL7ij38r3e8ePWZ8eu28ZtXdWuM0XbtU7X6+2871GBVxESTuvyc2efeEe5Z3w293UL0M6M9e8CL5f6G3b9O9/htuJnC7zOrKG6DjcGDzdTocuFoDSOUrcHCVvlIzg8hGWwPW+DPdE3gSMAsRg3Aj9fJpwU3aAON6lcLZVkR7G/ZwbYAXWK6lhuBo3yusRjlWHsVj8PnOD3rvcLMpEHTbUVVKt5VLNSvBWory5FI4vUbHbmRqRvTEELVW99jdwNpaZzrSAnHesSVyB1bSISVyzHyqgorA8NRUlOBlVvDooKcpGj2SoyNxHYVUj93Ujc1DBjqlKFk52hej0pPy7XFeWgaA1N/aMORrkbFIUh14vuhfy9ArWuXR2EUu2a0kiw1cAJzTrRMRPFl30I3qd8fpR/NP6Dd/YBqtxPBXVWrQ8awND1h6/v6Xx819J1321Yab3LvjseDPzsrG2nkOL27oC383Xc8+/CfZ1Vr+6hs8gBlQfld+gKpM6DCjpvv1fp6EjrfN53+eK57a7h3Y5ddxn3fRfw3nH/7lGcvfU4ewB3LXf93/3TW1NNHW4+NYLgtc8woU4z+W7NSDQqXrkclJtWgynOEUzKNqaJHdWDf44gFniUi8Fk6ZJ7QdDlUqkjNdTYzEIh3yeBdbUHVW5Pex6Dr6gI/9zThvRfD0dzZTGyU9Zg46pI1E2cipIJM7AsLhbrqXDXrlyGNUvjET7XF6vf+RSr3h+PxMkzkPnJFBS9+gHKfjcC6xcuRGFOJioKc5EcEoYzT3lhmdfbSElcbfzF+ZlpiA8JxrLQhUh9yct0gJ3nOR+T2iVEBVu5EI72fsXEJgu8cjlI6WoYsRlAwWJmqxBwHRENclVckb+Y7cnNoOQ98vcqmc+XvT2wb8iP07nGf+TOKknlnqqK++5wB7B09VV23ndX6A+3CZBqozPoBUydQ9dX0Nuw0nqXfc7avsNHzHIvd0jXH3fXQRhdv+t+D6KubwEdnXxdt98Fmc7G/V3vawdIu+Nnvn1+XO98X50CSts71VG5a+i1rEudew4tdmasf68HrICst5N79RF0vQ/Oyn3fHv4prb6iBp8/aXc1KAmO8cESNvJzCjiKx1XRq/gZAUev2HIXqB63qcNNkQsG2mYWC76a8zgzQ4VUMoEs/65GdQlMl/kdci98SfCepfJMmh+MXIIxe7UfVs8fi68H2vBFPxuygxeiUbG65YWoKcxD1sujCEIBc5gBp4CvOFop0PT3xhufbnVpIVLil+DMIM0h54rWF3yQsiwOVaW5SI2IxClBkuegh4c6+06znOK1HO5jn+iyIz+vprE/KdcJr01RGLo28zbA79N1aD46QfeMFG8vu+9a90ZDhaWCVeRq2Dv4550Wkj+IrsC672ALyyyzrJvWXFuHLwb64HNCUD5Zk3NWwCVs7L378tcSqFSEUq16nTZJx1lP/k35dy+yjhShIhvMnGsErlwTAq+KPbbVnr9Aics1i8QXVNgNQ7xQnrkRa+IXYnNeGDKHv4ZbhPKf+9qw8d1xqKsoNlMCpY2ZbNwAcgcIjAaGBJ98x1LT2R5jUFeag4aaUqQsjsKuIZ5mMIPaSn/tAzRWlyFzzQp8xgfDOap1M9KMoFRiHM1CIYWrTjQVKVwzQISK1wyLJujtA0vsYXEqAq62n+w51MBW56LPxv3igO8N3s99P4E43m9rhKxerTurrfv6Ii2zzLKHsKbqGtwa6I2bfDU2MCV8VRSdYBJ+E0JHCSEpQgM6FvlzBVrNNizwKgRNORtMBjMV7jOw4n4tDcwJXJMusb+78bH+7ReeWPf6h6gqzkP2qvmoSQ1AyzM23OzFfb28kGR7E+W5m7DSLxCHeymS4BWcFPypOnUOSjqu/LdKgJM+7G20ENBNdWVYFRKMPY/zOghYpY5sen4kigvykJ+TjoanbPaOPrVDSCom9yhBfpiANYMpWDRwQrHJytMr94MZNMHzVz4KRWOc4fE6j5M9X8HpHq+YwSGnBF2dE6GrB4xU9c1eHtj95E8vLWR3TJB1wFbglcvgLjeAZZZ9n3bkac//UGqCTuWeseX/FNZCxXvzCSpeQuocFaEC/zUrsBLGKPl5xxBadaSd60FgEUKKWLDPwECwKn53sKeZAkhTBpnJMQlhZfMSiDUkV2kXFdWgVImK370xwIOv9+7YFBmFpMQEe87dsMmEuzuu8bv/1NsTBS8NR2l6Mtb+bgTO/oLQ7aUyFGcIO9PBxTYF8sNsLyk2Hpsba1FenIlStzdNR5dihtXp1fKrV1FZloe8jI0o4x9UcbhSvFK7RwnPE4TvYeNacDETWB5TRxuX8u+aB4eu72kvM8uwRuEplEx5GjQz8Rm2I8CbmF65YQhfFZ3X53wg7H12+M/a1WCZZY/CCNnJ/1LQlTXX1eOrp0fiRn+B19VEKcjPq7hcgVOv32Yqcyk9gkqv+uqMElylbDXfmuZlO0Y1qYEWSg2pOGCNetNoN2XzMn5jwkidawLSHx5zRzZhVpmbjvXLorCnnAD+8B180c8TVwn+P/XyROlvRmHTulXIecad3/uyGeygWFtFISgMTDNNKCH6ptc/QmtjtRlQkTV6LM4842V8zwKiEqDX/Oo1VBTnY21oGA7yOHWQaQCEZheWT1exyAcI2o5cDcd5zppVWA+Tkwqle4pFOYr5WdnJTByvwMv7oXPSucjvLGUsGOsBpbcAxUXvffE1C7yWWfYAI2h3dILufTst/2mspb4Bt54cYY9rpYK9TJWnziSTAJ3w1Gu3ARLBJOiqt18daopekPrViDeNalOHll7HNRWOifUVlNmWhhfbJ7y05y9QVMPXv/DAquHvoTg7E/GhM7C1MBylv/Qwbgh1vP2jhxeqfj0Sa5fHoq4/ISnA9RhmXuv1Ki8fr9wMO/jdRckpKCrORdrwMfbEPgSkXALy5Woa99aX3zRhZ9nDXjduhlPqUONSalXglXvhM16Xyc2g6+QD5AgfHseGeJh/hMPPeeHw8z44yG0aUHG0h/0hcIbqX6Fx8hUb6LItQf1sX4dLRbkanh9pgdcyy+5j/I093wm6TuO0/ymtoarWHtXA13/NW3ae8FHnmJLdyL+rgREmAQ6ho/nWlPxb286wmBkYCGglUdcAC5PPgcV0uLHIZ6z2zBRAAm8PN9PBdquHB2a4vIoJH7yPvMT5KF49D/v5ndf7uuHLnh749194ofzVT5C6PA7bebzgJoUqRSn/rkB+kVBdP2EaKgtzkUN1rPMT5JUzWNEZgqDC3Epf/QD5eZnYzfZNBxjbUntyDWjghFH0DuiaFJBUu8o/fHyIzah4Kfdjz9qgPBQCv8pZ06lm9xPL/WLASxhLSSu6QUlyrvd2x4EfKY7XMst+LkbYJv7LQVfWWEnwDvI2s/UqQ9kZ+WlZjj7JJdWu6XCTghRkBC4tBUEBjCCWurWrXg8z6aWZg41KV4pXURKKi9Wr+LWeLvY50fp54PNe7rj6uA9yPvkE2woWoTR4spkhWCPZvu7hib//VxuKfzUKa+MWY3dfdajxe9iGiUbgd8uNsG7Q79BYVogN8wKo0vn9DpUtF4iU70mem8BbNG0ustI38uHhaXcFSDHz+NNUzFK+pnPNAV25FTTVz2ePu5rcvIdYDlBxHxpkH0atB8+JXva8DuqgM5ERUr88P6lgQVgDKFRu8HqOvPC6BV7LLLPsblMc740nvHGdilczSAiWUndKaC5XwUmCSPOrCXjKZSsfpj0pDCHoULyX+xGkrHtpkKeZFPIij1feBw2okEvgCoF7g6/eX1AFftnLA19R8f61txdS547HtqJw1L/3Hm70lNp1x58fs+FvLMnD3sCKyEUEL7+X32c6s+QnJkwFT9/femBLSyMKfd43KlsuEX3fSZ63oizOaeZkPjDW+wYgIzkJp9Shp6Q+vX6PY4SkIhEEXhPFwKIQMqnbjrSQZlCFlD2/X/HDSuyjKAjl4z2iJeF7gu3IXaEHw2l+1sNILhXFLSs8b98v3/jewEtFMMKhDB62qLdYPrRaFnVi3DcWl/ujWJy1822LCUPj8kHn3+0UgU6OdVY6vtfZvnuVhw6Z4zHvOY59qJFgHabvdBz/MOUUi/6mUovdGnzgqO+srfuVjv8dFZ2n/n+cDpT4LsY2v9M9/FlaXUUVrhO86tS6QIAJYlKxpuPMuBA0HJaw7SG1KdgScASaXqevyGfL4270p1ol2C4PshnoatSa4ncvEYQXuU9Tnasz7GZfQre3J/7IcrK/B0rX+WFL/iJs/s1w3HqMYCZ4v1K+XKpF3zGfIj4wAG39qXYJNIFXo8PkqlBI2aSnfo3YRYuQ7znGkcSGQJbilWrXObL+tsEeWBIeilUsJ56y4STrSK0qHliK9TjVq1JCahp4hY8pqkETeip0zV5PgB5qj6jgMcdY/2hPeznUUwB/2WzX+dnfCKTuv4lq2PcD+Hj1j8+S7fhH7VxusdwescR11dM/dNcfnH5MDwQM6+h4wbrzsSr3PZb7BdjO33lHfX4eyuLs/FXuOwy3q7G+QNA5DElAuuvBom0s9wKcrvFbDwzhsZ2v9VtDicfqvuj8O5+biu6VaVdLFl1H19ArnUO3vpv19D/R9XgVfY/+duZecNnx/+Psb6Xvczo67tuYo72Otr93sP8kramKivdxLwKUqpWQVDiZ0kMKYhcGeVCxEqAEyWWCU8pVcFY9jR4zoWH9PKiWbWzDhqtP2HDlCS9cedyToPXATYJUHWrKA6Gi/AV/6WFXtE2/GonthRHIjZ9JWHqa9q9rah7WOUBAJv7WB6tcR2DPEA87WAl9dVxpJJwU8GEq3KbnPbHjOZtJ1q5IBPl3NTea4K/RaYf7uSD3t6+icuhr2DeEatb4qQVXPkAISA2+kM9YQ6CVbewcFex5h9vAuA+ksqWMeZyOkVtBSlfZzDrcCxr5phheE8ere6L7qGth2UvYO27z92r85xRIOv8QVO6pFrhPP6iuPzankOps3C8YdD5GpTvQ1vnpQXDP+tzeNYSoozzUD5r1O4Phvsdyf+cfeEf5LrAUnDq39Z3CoHi8s7eCu+4ft+nv0vXvqc/dha+zh9A9lTP36Tqd3bsH/i88yNjG93oPfza2ubYW56k+rxOMyregQRFmLjWCTcBT3gUlATeFEOqYZUH1P3dAVSkWrxPYAvJFKt8rVJ36fLOHu3EhSO0qYuFz1v0DwfolAVv3rDcq/Cdjpc+ruEp1KHfFNb6ea0DERR3LdYVvyT1wqM8rOEbYmQENVLvHe2gGCLtKPdxvKA73pxrluaqYxO18cBzh+SqGWDG6x/sONQnQFYomv6wBJa9BSXvkCtGQZ21XB5ngqnJCoXMqBLXid+UzPq7P2s/vP8b1Y4pwEIB7cBvb1n25pvvCh44eMvue+eGiGvgP2lUd3fc1jfud/agfGLrj5Jhu/dhU70H1ua+jY6VzEbC7rUBZ9zZEHJvuaZ3rdveY+xmP76oGBb/vop6dPVDv9eBy9vfs1qs663W82ncuD3RZsI4z9ftdHzbf6z382VhdZSXOUameeNoLF7lUB5sJCWMxs1JQSZ7mvvODlBqSapNg+7y/J77oZe8kk7JV55YSwygq4iohfpnlc+1X3luq4luEqHLUCqry9SozmCB1hZCSi0CqU8NslU7xOlXyRR6vCAmFjZnXeMFPLgGuS1VeIGCVK0L+ZkVZaDixHhId86Md4bqZtofQNdEQ8snKF0toGpXLdnT8RcL5EoF8UX5ogl/q9rbKZTFDlPUQ4n4NE1ZYm85BPl3tOy5YS/FyKdWsB4hSTn4hl0ovT3z27IgfErxdFcgDf3Ss48x1cF+V5KR+d8HbAYb7gdeZ8lJ5GH/vjwJeHitIdlWdKg/lLulqTtq73/3reKvoXB74xsA6zqD9XXzF3yoigcf9IPfwZ2GlhYUofd4Hxc8ORw3BWj7EhvIXRqLmxVFoetIdzc+4ofE5DzQ96466wcNQ/6QLGp7yQPNzo9A22BMtT3mijqWGN6z2KdZ/ltue88TWpz2wfQgLIbiX4NpDcB0kmI8RqscJz4ME176BLtw+1F4IyoOE3REWDRHeT6WriALB7QS3Hec2jViTi+AiAXeJAJfv+FxvDc4gHFnH+KDZtpSswC4VK1CrM1AdaRq2bBKV8yFxXdEVfT1xi8pURQr1Mh8EmpJIPm2Fmkn5a944DYPWcGDBVUnP5auWepfqV5Gi1/Ff9rOZrGtf9bHhH728sPOZH27IMP85vw14nb3e3/ef3En9boG3O6a2urTduXTrx8d6PxZ473Xu98yH2x1z0t79wOtMgT7w78M63wW8zmCpzw/tsuExP8g9/FlYfn4BXvfNgVdoLUYEV8A7uBI+LN7BVfAOKIGXXwE85ufB078Engvy4embz21F8A4sw4iAfHh8EoFg2xhU/G444n/jhqWhk5AcNxPrlszCOi4zEmYhP3Y2CsOmozhsGhLGfYikJ4eiYuAwlA12RSFLyWA3FA9xQ8ETw1AyaBjKH3dB0bMemPvRm1gbOhHJC6YifeoEbJoyDulTJmDD1HFYM2Us1k79FH7uXsjq9Vts7PsbpA74Ldb1/xWS+r6E1N6/RHL/3yKjz69RxnZD3ngNGwLGY83ccVivYyeMxbqxnyL907HYOGkssqdORITPKJSybsGAl5HH88gfMBSFA4YhZ8AryO/3OxT1+T1yWBKGv4a8SRNRMGE8Cng+hVMnIXfyBJRMnITKGZNROHcaiuZORMK88T818Dr7wd33h/qw9R/G1Fandp1BpDvq7ccC720fdkdbncq3zm3hpK37gdfZd/+g4JWxrrPvfWiXA4/5Qe7hz8KKSysxKqiMsK2FT2g9hoc1wiukEbbQJsK4Ad4qIXWwhdTDFlgDr6BqDPcrxqsLsvHa9BUYvSAJPv6lmDg+HmuGjsS2/Ajsq4rB7tJI7K+IwZ6yKOytiMa+8mjsLl6M3CWzsZcq2LyO9+FreW/5Q1moQL/qyWVPd/ypFxXj4yOQFDrVHLe/IhYHWPaVxWBvqdqMxV6WPeUxyJryEb7sJVeHPfOZlK5cFhqJZyIp2O5/Pv0asudO4jHR2Mnz2cPlPh67tywO+9mO2t1fGYelEz7AtSFeZlJPTc8uP/OfenriL71t+HNfb/yRy0vclhk6HUcql+Jo1TIcKV2GQ8XLcah0KT6rXMJ2eV4lUdhdFomK5EALvPcxtdXRruNzV7/1A/293H9HG/ezznW7e4wz43Gd3xykALu6cL717Lld2lG5H3iduY4e+NrPOt8VvF07xFQeyjfLuj/YPfxZWEZeFYaH1sEztNEU70Wt8FrYzNIE74WEsFl3FO63EdDeAWXwmp+PNXG+WBKxAJ5+pfAMqoHPnI1YEh+H9vzFt4ErAO8tJ+wqorCzOAL5q+ZiHwFpZqAgfL/uzVdzFb6i3+jnhqsD+NpOGP+jnw9SQ6bajzWwjMI+R3t7CLU9JZH8HIOMSR/iFsFtpldn0ciyq71cDXiVflJugf985jUU+M3ArpLF2MFz2FHEUhiO3Wxb56hcEfqeFRPfw/WBniYeWK4EuQ/+2oMPgYHD8ad+XvjrYwRvLzdsip6JQwT1odolOMCHzP7KaByo5sOA16h2dut8uWzlfXDc5u/d+I/5bcDrrDPrvsrCSf0Hgbqj46Y7yqsreJ29xt73B8j9PwZ4O+69OTcunblwvlW0hJN2nN5Hbr+Xf/SB38s63wm8MtZ3FvrWbZXKuj/YPfxZ2Pq0CnguasOw0BbCk8p2YQu8wpoNhG0sArAnoaviQSXsQQXsQ/X73kQ/bKeCVTrH4ZPi4BFcx/1Ux4EVeDswF6krF1HhRhgw7SWIdhVFEryLUZw4Dyf7exrgKsLhrz2oKB+zx/YqUY/CsL6myvz3fsORGzUT+yqpcKWWixZjN2Er8AqaAvGukghkjH2X4LYnOJfP96p8vwSnwro6Yof/Y9CrKAmciZ08dntRuIGveSAIkFLjBOdObk+U4h1MxfuEpzlOCvdPPW34C9XuXwjdP/M8z/d0xYbwaTjA8xJk93P5WQ2VswPAe/nZAJ3rdemhPxnwcr9T35xj9z2tS32VB4G3A24PDV4Z152FsN3T38t9jxS8PKbz+RnQcOns3n6rZC9d2lC5F3jvuhaWbn0n630f4HX2EH/g31zGej/oPfxZ2Ia1uQa8LgSvG4tHqB20NgLXyyheApjAdQ+WIiZ8A2vhPpdgXRGALXlhyFk+F74B/vAI4nYdG9wAG9d9/EswIywRxSkLDZCkdrflh6Fw9VycoUIV1P7Wwwv//pgX/u0XNpOfQVnJNPX6zX6e+DuVZkHEDOwVIFl2Uq0K3NsIXaNWHQDOeudNfNWT4KXaVVSBOtM00EKxtEpGrvb+e28fVM6fYtwWO6V2WXaxrT1sQ+4QtSXwbvrkXVyj4lUInY6TO8Q8HHp5m2mKvtbgDoJ3bfgUHBCwS+0qXK6V/VK8crHoO/iAEORLNvj9JMDLffqndvZa+kCF4uSYB4G347y+FXhl/OxM/Tj193L7owZvhy/6jodWp+0dRRB56LCoLm2o3HUfuc2vSx2VbvtYWff7AK8z8D/wrUvGej/oPfxZWGzCJniGbYZrSBPB22zg6Ubl6i4/L1Wsd2AVS6VxJbgHVMEWQEU7exW2FSxEZbI/loWOx9ro2fCYnw/3wBoeUw/PELv69eTxtgUFCAxaiMb0YOP3LFw1D8cH2tWj4KpMZCr//b/yVb6XzUwJpDC1f+O2/PCZdiVJmEn5bidotxLeAq4BMcum0W/hC9ZXJjKNatNUPHYfryIXBF4P/Lc+3iid+IlxNWjQxg4dK3eFQ7HKdaGHQubHow1wlZdYieG/6sUHBBX533p64c88178QvufY/jqCdz+Bq3M7UBNrHix7jPKNdbgcqHxZ8tbMf5TgvWtABD9LWQhiXcOO9A/drdfCLsep3EuB6bs6w/1bg1fGbV1/hE79vdz2yMDL+nqAdRx7B+j42Vls7EOHWTlpw9xHLnV/Bdyuf0t9fqjwK9b/PsDrrI3uuLt+8Hv4s7BVaRXwoOJ1I3hdQqh65U4gNN2CCFBC10aIDqd6HR5UiZFB5fAJLMeISXHYStVYneqP8g2+WB4u8BZRDdfATYqY8HWn6u2Ar3tgNV6fvR5LY0KRt3w2jhKKUpN/Jcj+2M8Lf+njhf9G8CoBuuls6+mBf+vpjYywaVSpUfZX97IobC1YhNacEKN6jb+Wy5T338KXPdxMrl/FB6tovjUN4JAf+QaB/I/e3sj76APjezWKtyTCQFedbFpK8W4rCEPKhPfx+UAP4+NVx5rcDUb1EsB6UPz1v9pw+rFhWBdB8Aq2UrsCbnUMVS+By/V9BO9+ft7NfZWbwh4leLtbdFy3fWddjn2Y8p3AK+P2rtd4l7+X2x4leDsffxeouO0uKDp2ddu6HH+/ogdtt32qnY3H/Zjg/cHv4c/CEpKr4LloM1VvK9zDCF5C043KVgrXFlRt4OsVUI7R06MRHjALM+bOh8fkVSglcMvXL0DB6rkID5oN79npmDx1LoJ85+CtiQvhyjbcgwhduR4IYKnn4f6l+GB2LAqe9sEfCNg/9bbh73198I/+w/EnwvfP/PwVX+011FgqeGPwtNvqUUWZzLbkLjRLgVdl0yejTSTE1Z4uxsVgBmYQ7FK8StyjYc1qq+jD943i3k7wtueFGR+xvXNNACZ42W7SJ2PwRX9PEw/coZZ1PvIV/6EXle9jVLwEfFKMzotq2SjeOIebQR1sMdhbHWf8u/quptyoRwneO2ag5WcpC/045Ivr6jtTkaJ84Gtcl2NUHonilXG7rqHrD/EOdcfPjxK8HefiFAbc7szv+bBAc3o8l11dRfqbPtTw6g7jcT8meH/we/izsFUZ1bCp40xRDR3uAUJX6tUjpB7ewTUmbKwixR/N2SFozAyC37yZCFowFZXJvihInI8PP5mKwPnTCbVFRo22Fy7C2ClzMYzq14XK2TVYPuIGuKrzjup3+LwMzB/6Jg73csPfCNx/J3j/PnC4yVj2B6peZTD7O1/vNwZNNX5Y+XYFWSnetpxQbGf7JjKBZcNYgpcQvyHVS3VrfLyKauhtdzVoVuO/Eugln3yIXTxevmYpZflmTWcYl1Ku2/PDkPzpu/iiD49hG4Kuyi0WhZT9gW2og+0i202Nn2U6DeVWEHj3Uu3urpDqZZvmczR28LybciIfJXgf5ON19g/9wB9vl/oq9wUq93f0dn9n8Mq4T0Dv+uC4fc5cfyTgZd3OfmennT7crnO9o32WhwqLcnJ8B3j1N+x6H5xO9/4g43HfB3jvupcsD4pAeST38GdhzVUFmDw3BN5BlRjuiNv1InA9CUgpVa+QOoydFY6W3FA0E3plGxagblMQxo8dh6K187EhahpGv/UWmjYFoGTNfNSlBZg51LKWz4HPvCzj93UldO2dbjVU09WmeAaVY8yHgVj3m1fx1ZMj8N/6Er6ErTrdbg2kEu7lhfSgKbddATtLFxO04QRviN3NQBgrOmE9wftFD3czs4WAa+Zac7gZpHyVi+HPBGfFuE+MT1htCdy7uDSqVyFgLNsLwpE67j0T4qbRaXoAfE21KxX+5x6e+CMV799/QfBSXackELxUtwdqlhjV2wHv251slTHYxfOuyY77SYC3w1jHGXylQO6pfLvUVXkQeDt+kN8LeGXc37Wz7fY5c/mowNv5ft/zYcV9zsKsvotr5zYQue7MB/rA+9zVeMz3AV5n/0sP+t94JPfwZ2GfbavG4calSF61EKNnJmJkaD18QmoxPKiCcLT7ad+etBD1BOuGpYF4dfY6jJ8ZjGyCtXT9fGQtnYFyqmFfP18q2Sy8NWu5UcdZK2bDa06GUbrDAuvgqsgIQni4YoB9S+A6NQmuBPAI33SMHz0ZTU/aIfclAadQM0U85IRPx27CUsAUZLcRmO3ZUrzhRv3KbbDi09H4XDNb9FS2MSreXi4mJaOge13+XqrXr9lm1dhP7W2ZdsIJ3sW3YamloJ427iOjns1U9CYOmGq3F5VuD5tRvH8leM/38cDGZXPsnWpUtp8RtJ/VxpmBGbscHXY7iiONG6OxYMVPDbzOVJPKPTswnNR90I+rA5LfG3hlrNP1h94R//mDg5f1nIHqYUq34ejk2DuAyM9dOx3vqvMgU/0ux3+bNpzB8Z5taF+Xug9bHvoB85O3o01LcbQpAQdrY5EQ7IvXZqfAa9FmM2DCK7QJI6clImvlPEyfEwxXuSBmpmLq5Cloyg4xqjcjYSa8piRiWFADXPyrkLB4HpITAmHzKzXuBXe2Y1e9cmNUw5vHr140DcMnJ3B/vemM8/JNw6zXpmBvX1cTTfDvVL+5YdOMr1TqVJDV3Gzt+XYfr+JxVdaOH42bhKFieAXeSwSwRrApH4NmgVBSnFtUqRUff2j3C7MtJV9Xe1rfRWAKlnI9bPjoXXxJxStfsTrX1PGnh8Ef+tlMdrU/Ufle6OmGjQlzcLAujvcrDp8ZlwOVrgAuxcuijjWp4F31qT8p8MpYz9kP956hSE7qfm8/ALXV0a5j032N9bpes3r5HwV4O9+zBwKKdbr6pR8YL91hXY5T6QpeZ37v+761dDXW/U7gZV1nI9fu2wnG/Y/sHv5s7EhjPA43xONk2zIcb12GqrQQTJ4dZjrVFNfr41+OBbOn4r1ZccZv6/XBAqyNnommrBDkr56D/LV++HjcVDMIw4X7w0MWYIJfnAGqwOpG4Lo4fLxSvW+O9UPB6tmYPHEsXvGtMMcIzB6BVXhz8nIsfXk0rj9uj2ow8bpSqSxKmt6WG2oUq5TrVirgNRPeJWDt2c7kZlAe3qtUu5rzTTmGL/dwMRAt/egDE9FgIG6OtYekGZcDwavY21SCV5nUlJZSAzKU3lEj1zRi7ZYGdlA5X6CaXrd4ut1HLFeD/MQs2xW7K9XLttSeVPTOuvSfInjvgg/L/fzDXev+mOB1Bp3bnU6Oavc01nlo8LJOZ8h09x47i7PtVliUk+PugpS2damj0m0/KOt+V/A6+x+65/8F9z3Se/izMXUGHWum6m1OMMr3ZNtyHCGIk5YF4IOpS+ATUocRs1Iw8uOF8AyohLdfEdzHBCJzuR+K1/pi+GsfwXN6soGrG+H6/qRAuPmWmggJ07EWWG0PLwuohuuCEkQGTkftxkCsDJsI2/T1GCrVSyCrvieX3kEVeHdyImJC/KhSIwx4Bct2Kl0N2ugAr8C5juCVj/eyohqkdpWeUeAkjDXsV1ENyruQ+/67JpzM7h8meAlh+Y0FXhPdwLLx0/dM/oiLCkNTJMNjHlS5Nvzpf/MwaTD/0FPTIbljTeR0HKyJNYpXCldtaMCE2tlF4ErxCsLbm8t+LuC95wghJ3UfCryq7zjurtCnTvu6fZ9Y11lnW7faYJ1vA97Ox3Q39vlbd4R1OUbFKRC53ZmPtbvn963By3qCaNdru6/i5r5Heg9/Ntacu4jQXYpDjSz18ThAoBzkUiq4rTACwbNnwYeAtPmWUAVXwOedqXzdnm3CsvTan71yHl4bHwZ3DcKgulVHndwKroFUuASuJxWzljYqWvcp61C03hexAWORHDUd42eGmsgHFwE6hOpY6tdEQ9TBRshPCliJ4g0hRvkKcO15C80gCkF3J7979fh38SXBq4gGzZRhXA3qVHMkylHn2g2u57w52kBXERKCuBS0hjwLlhpQoXjhjZ+8Z3y8grbcFMoBYaIsuE0Tdf6hh2J8PbAyaIqJ2z0o9wLPSerW+ItNDG+s2bejNOIHg66M/4TfFrwP65vrWrfb4GXdjh+P09dEtcVi2nVs6paxvrNOpu8dvNzf+cf/UPGkrO8MjA+Em5NjnA6O4Had212v4yw/aK4G1uv6f6dyv46yR34PfzZWnRNH8C4zqvdQfZwZhaXhryZG1REuFfzGm/jwLX+4LCiGbXY6ZkydZACatXoBpkyZBs9ZafCgsvVQ/G+wBlFQ/RKmboSthhN7ENoeC4rgOSEBpcn+WL1oApqzgjFntq9RvC7+lRjmALCU7zAuXbhULPCIBdkIj4pFa1646cDqAL5U7+rxo3Grl/LluuJ6L6rbXlxq1gsWbTfKlwq24K3R9sgIqV0qZnXObZPrQUN8HfBM+mg0vuhns0/dw+Ou97XHGgu88vEqlvfMEzYsDZmEg45QMsFcIFcSILVlH0gRS3Ue/kODtytAHwhe1nEGrPse56T+w4C3ww3g1Iesthz7H/pedT62u22wzl0/ZMcup8b9nb/jYUeHOfODPuheC1Jdj7nfK7yz0Cv9X9zX38v9zv4PuvNQcNY/cN/Xf+5/pPfwZ2W7GjbhSEMCDjcmQP7ez2ql2gRfu4JTp9HGkW/g3FM2RA6fhOGzNmF4UBU+nTwH708Ntg+2oBJWHLA6z+QXVoeafLeKBXabnYU3xofCe8pq2CbEo3ZTCBIJ3oa0AMyb52+gPGx6GoZNTYJLQLVRuwbCLEMDFIJGpexfhbd805CcaB9tZjKWcbluHGHZm4DtJz+v3dVwTdENSu1IpSufr0axFb8jV0OkUcpbCF5BV51zArlALEWdQsX7RX8Pu3JmuTzAzSjeL/p5OqbzseHiAE8sDRpvRqcpskGdc6bonAhvA2M+uJpyf9AYXmc/0Af9qPVju+vVjeV+r4jO/vG7BV7W6/wjdfp6ye2dQfjQSobH3DGowLH5nsY6ztSa0+vXdpbO9+vbnF/n73lgO9rXpa7KfRPFcP9dDyCWB/1dnR1zv/PS/0HXeye1/aAY8Ed+D392tr92CQ7VLSF0l5hhsLsrYo1PVDGpO6nmNo56E9ef9MKlF3zQ9tuRmDpiPF6dvJxqNA82/zLTEecpH62gq6ViduW39SvHwoBZaEgPwqJ5Y+H6/kLkrAvDhsgpqEvxw4SZfvhwcgA2LpuLUiroadNmEL5VcKVK1vBlFy6HErpS08oV4eZfjvHBa1CaqkEQAu+7Zrp4+XU1eOJiP80Hp2mGXE2YmQZD3OKyePS7dlcDASsXw1ZCVy4GuRq2FERgb3kkkj5+D7cI2fMD3HGur2aycDGj6NTRdu1xG77u740LAz2w3O9T499VNMOOUoE32sBXD6n91UtMZ9vmsjU/CHj5T6cfgTPloR+C4Hr7VVPrLArvcgYcQet+P06pKWduiQf9qAWPzkC81wglnVfnH+UDlVpXU33HcaYNx+a7zFHPWWeNiu7NHd/Lz7qPXa9d19StHzzr3e/7dM269q7fea/7rfoPAty9jtOD7Y5z5mdnD2CVO+pyXf87qtv1f03/Zw9UrqzzyO/hz9K2EiCH65dQsREcfGUWSBQSpU4ilXQq3huDvXHulyNw/jlvnHzWhszfjsAHo+djhG8hPAMrYQttMKpXydI9pID9SjFiQiQaMoLQlBmCpoxgTPp4AsZOnoeN8TNRTtC+8e4kFK+Zy/1BaMkKRg1h/NrsNVS41SaCQn5iKWcXKl9XFpMFzb8SwxfkIjwyDqveG40vH3M34WOKvdW8b/YRa4QlAaz53D7v6VC8Jd+Epsk9oFheo3jltiCEEz98G58rH+9A+YY97JENvdxNknWNYPvDQG8zn9yKwAnmXu3hG4GJZGCbWuqhpQeVVK/jtn5vxn8yZ2roYYoAoyK1cz+fnDM19F3KHYrNyX5n5WHcGbc72xyb7jBHe90tunZnD6k7iqNpp8b9D3P/9Dd9qPvt+Jo7jNuduRw6l46/vbN9Dyqd/2+6C81Heg8dh/08raVQijcOB6l65d/Vq/z24ii+klMlEk7po97CLSrec4TuhWe9cOGlEbigSTCf98aSoWPw5vilVKWV9qHHVLteCwpgm5ePNyeGoJlqtyVnoemQW7t4KoL8ZyB3xVwUrVuAVQsnYdmSRUhe6oeW7BDTeTZhQawJPXPxqzRhZupwkwtCI96GBRC8Wi4oMQp41NRE5L74uonjvTLAA5cIzhsDlF7SA1c0GwUV702B9933zMCLbQV2N8MWwlYuBg122FYYYfy/iR+8Y5LknHnSA2c1CSaP1czHSjmpmZS/6mszEQ/L/MabHL4qOwjzrbxH5kHlcM9ITTtuq2WWWWbZvW1HXaaJZlBnmgYHyH+6q0yv5gQw1WDuiDdxc5AXrg6h6lOy8Od9cPFZH9x4cSRuPTsc+5/zwfjX58B7fp6JRvCZnwOfuVnwnrIKRWvnoWj5HIz4JByjPg5E6QY/pCXMRM6SGXiT6tZ1fglGzstA7roQVKf5463ZKzFUStdfLgf5e+uM2h1GFezhXw7XOdl42etDvCJVzO3eAXmYNmYemgZ7ErwKBbPn9b1G9asRbF8SnrmjRxOSVLqErYlqUHpIAljXqQEV8v+ufvdtM0X9KUL3HFWuJri8oQ47tnWRbSlB+yWuxy4Ya5StvUONxzt8xPsJ3c/4xlCX9cP5dy2zzLJ/MttZoUxbcWZwgIArMNn9oYuR8epbuP44FR9V7hX5egXeZ7xx9Rkf3CSMbz3pjQL3kchODMf785Ph7VsAH79iePmVYsGCeVS6M+E6dgmSlsxCa+5CZC6fhaI18xG9cBZenpEJtzl5iF8aj1C/6XCl0n2Z4B0aZB90IV+vohsEWQ/fUrw3yRfTxo3Bbz5JMNtUR0l9Rsxcj0UuY3CISvd6XzdcJkQ1bftXvT2QPfodMyxYLgW5FqR27cOGo7CFEJZ6XfP+O4S1J871dzFTx1+Ub5dK97L8vQPdTHiZfLzxvmONH3xPhXIyRJt7pPjdz2rVMbkEW2ozLPBaZpll3bPazIjbHWqCbsdIr3ZCapPHq1S8VLuE7ZWnvXHpxRG4QpV7meUaQXz5CS8U2EYZ5bezNAaLFy/Gq3M3mkToXvPyMGZCMDznZGH85HlICJ6EnFVzsS5iMgE6iQo2B7/3q8LYuVGsQwgrikFAlY/XxPc24hWCWAr3d2NXYNPyBVgePAHer33EbVXGB6x8EMoh7BVYjnfGhiHpRZ5bH1d83t8+gWb26DHYlk/gErry8RrFW2LvaDNxvFUxWP3+aJNgRypZI+HO8/jrPV3NYIoLAwRhN1xge0t8PzURDPLrdoSR2RPl8L7xLcFxOy2zzDLLHmyNpamELRUhAbU5JxStWaHGx6vwq2xC9csBVLtP++A6Ve4VgvcCoXuR65cJ3ossxa+9ZYCk0Vwq1ekRGOu/At7zsmGblwvb/Hx4fLoI66NmoSzVH0nR0+D5zhS8QrX7+8B64xMeStDKzeAW3GAfVCE3g0LL5HqgEn7z07koSJwL/ymjsXjBePx+SpLdH8z9Ztgx1z2DquGzIA1TRs9A6xAfk3QnZYxd8W7JD7MPF5a7QRDWUi4HAnQV60jdXmA515/g7eViwHult5vpvJMb4sJAd8TN/9iEkplJLY2fl/AuJYgJ3mrLzWCZZZY9rLVkL8QOgnc7odSeu9CkeFTHWC4Vr5KCfz7IhmtPUfUSuJcGe+HCE9zG1/Or3J7lPsKA18TZskgFKrQqcelijJqZCK/5BZg0dTbaC9SuUjMuxpLQ6Xhlbj5eDqCilXINqDXA1QAKN/9KeM4vgrtfhYnndfUrw9RpM1CyfgHWhE9C3rJZGPrhIhP5oPAzhbFJ9boHa8RcHWzB1Rg5awMWj5iBhI/fxS5Cdguvxfh5WbbmhZnBGHqw6FyXv/cWLsk9wXKRqle5H5TvQbNiSD1f6kcoC7z+40wnpLlWvh1sc6hmtbN9c6UFXssss+zhLD8pilAieJWCMW+h6f1vyQ5FwcvDcZOv3NcGeOD6E1S+hO6lJ2ymKH2i4lyz3EYY14SZYoeQ0ygxfVZpzglH0MJojJyyHKPH+mFt1HTMmzEBntPXmXhfqVwpW1NCmkzsrueCIhOW5jUjGe4TV8BtdjamTJ2G6tQAJC+ZacLQXD9aiGG+5SbcTGFmyhXxe2VJUztm5FstlXQO3pi+EpFh/iaxj9woGnZsXA9cKnG74nmXvvu2UbaKBT7be5iJipCfWDMfK3HORa6fe8IDCQHjTRiawKuE5/aoBl5jwQ8344Rllln2T25Svcr8pdy3ei0XeEuGDse1/h64+KQNNwbacJXLS4M8cZlKV4r38wEEr8twM0DBDFRgkf9UALYnplGExGKsipiDUaMD4T1+MVzm5MCVSldwVLiYRqtp+LDpMPMtg6dvKT6ZFW6mGcpf44cPJ8zDu2Pnom5jADYlzMSm2OnwHL8Ur02MxLzZ8zBqShy8fIvt8b9yVRDCalt5f23+pfAkgD8ISMGmFcHG16tphOxRDvZwsJj3RuMiFe1VpZekwlVEw81e9mQ5yvtw8Skv41ZZFjieij7awFqdkDpWEG6rzbHAa5llln07K0mPN7BsozoUOLcUhKPcbSS+7OOJq4Tu5cc9cZ3A1TTs16mAbwrE/Jz5++Gm00ouhG/y6BJqRvXaYZyVMAuHhtiw7qU38MbYGAxfkGdcCoKkOtKGUf26GhdDPkZQDasTrnFTkImEaOb5vP3uWKTFzUD6kmlY5DsZ3mMjkLtyLlpyQlCb5oePZi/5ZqYLAV3+YgGYn90DKjFsVibc/UoxLWgZSlIXGVVuf0AsRtTbr+MGHy5yLwi4JudDb3s6yCvcfuZJPmio9Jf5jzWdiDrOuFUI3er0RRZ0LbPMsu9mLQSdYCTwbs5ZiBKXEbjZn+B9woZrA+3AvU7wXuX6F33s6nfjr72xo8AOWBMHTDgpxlVTqqsTS26L3OXzcGagl0kqfoBtzPKaipGzUuDpXwY3vzK84kcI+1VQneZh9MQIVKX4mRFtmkJ+3vw5iA+dbKaVz1g+G+Vcrlk8FZXr/VCfHoiGjECsiZ4P1wWlRuVK9ZqiaYzYtuuMjfjkg/fgIaXtXwWfoHKExyxBax7VeUkEFr823ISh3ein2YWp4gldgfeLnoQxHyznqPKvP+FtcjXY43ijsavCvtzWVGyB1zLLLPtulr6BMHG8hrfK1eD5Gq5T6V4igATfK1y/+jhBRLX7eX+b6WTL/J0XFKIlH6qgq7nMpHzV8SQlrHZyl87D+UE+Zjqdzwk5JbApfNYHr38cSziWGKU7jND0ICg9J61A3up5yCRkPT6NhvuCErw1aREhG4xNcTMRvWAsbJ9E4NWJ0VgbNRtNBHQO1a/LzHSjoI2fV0paroeAKrzzyXQs8fsYY2cuMrNjvBJAZexfgdGB2Vi/Kgqhw72Me+FSb1dc7W2P4b3Kz2bY8EB3nBnsyXO3IdZvrLk2JcrZXxOLqgwrhMwyyyz7nqw6faFxOWwlNIttr+OrfjbcGORlAHyVoFUnm4pcEFcIpOzf2IwvV9ED6mySYt6tAQYEsTKBteWFIX3JbJz91Sj8racX/vwY4avpefq74fAT7ojzHI/h0zYQkpUGip5Upov8p2HynCCTQH34J/5YHTYZdVS3yVS66yKn492PJpk0lWMmaVhyCFbHBcGTkJWL4RWHz/i3gfV4Zcp6JMXOwuyP38KqyDnwmJ1lErN7sK7UsNwT74+PQcNgb5zs54pbve0zF99kud7L1UQ5XKCqvzjEG5HzP6HK1azCsWjnvXHcLssss8yy727bWquwo5RqtWgxioe/gS/5+n1jgIdRvNcHEEJ89b7M9VsE8uXBNqS94GZiYqV6TYeTOp/4WVEOcje05ixExpKZuPjcSPyjlzf+2IPApuo9PcANJwdy+YQHtj7ljWlvLIC7bwncqVSHjw3HyFlJJnWky5wsjPlgPGo3BSApcgpWhGvetljTSffG+GBUpQXhtXn2mTCG8lipXoWlCb7vj51jFHHkgo9QkxqAUdOXm6gHM+giuNZkVvMKqsWoOZsQ9sp7OMZz0kg1TRskt4qiN04+ZcO5p32M0j5Ub8/kVp230gKvZZZZ9v1aUcZS427I8HkdX/ejwu3niVNDbDjztBfOPuuNqwMJ4v4EFLenveRhXAr2DjbNY2ZPPN6et8gMVticS8UbNwPnnxthZhHWUF7lzFXo1vFBHiZHwpm+w3CTkCv8/dtwmbgK3nOz4eZXQfAW4dcz0jHijQ/QkBmMdVFTETb9A7w8JRmuvqWwTVuNt2cmmBFsipDw9K+AS4g66+rg4V+JwDlTsDlvIRIjJ6M5KwgfTVtohiK7cb9ifjWlvY2ftfQKrsHEcUtR/vxwc35n+EC4yGuWa+U8Ff6q0Ek4WBeLmgyrQ80yyyz7gawhdzFyPnwXfx7gjS8HeePck544TRCdpQJUNMNFfr5B8CZR8e4yajfSZDeTq0FqWYMxTHQEwacQsAsvjDSuhj/08TSK8myfYbjM13ktz/YeaqZo/+OTw7HabzwCgkPgMysV3vNy8cZ7M9CcvZAADUPZel/Up/khZOY4eMzJNZ1l8uXaB07YB1Notgz3uXlw9SvHhAmT0ZobisRFk8zMF2OmLDQdcMPmsw4hreM8eZxXSAN8FjYRvnUYEVKFGe/MRQMfMoriuDWQD5rHvbEpYQ628cHiuD2WWWaZZT+MbXj9Ldwa7IMrT3nj0hAvo3hPELyKbVVEg8qG513NKC51rEntdsyTphFi8vEqJCwrbhYus52/PWbD1xoJ18/D5My93NMV53oNxXmq3/O9huHLx72wMWI6dpVHoih5IcbNicKIKcsxZcZcZK6Yh/pNgUgImgSvTyONwpU7YWhwE34f0mTigYfNzsbiwBlYG+eLWdNn4c1P/E2ERGL4JOSung+vGRswflYIUpf6ITxkPjznZhnXhELPPAhdDw0/pgK2BVVh+KyNCPMajxO87ovPDEfOqvloqy+wwGuZZZb9sFa5ei2uPTcSFwifC8944zShe5bQvfCEDZceV+eaB1KedzMdaSZmlwpXSteMEuNSAxXackKREz8bl5/wMdOmy2d8q5c9bvYSwXu+51Bc6Cn164JrPd2QtnCKmZSyY8qeZdEBGDljNXymrcGr78/EsBkZGGaS5Ngzmb3M8kv/GjNl/PRpM1CdRFWcEYSaVF+8+fanyFoxG2nR0+E7awI+nDgPtRsDsJkKWjl6g/3n3R75pnnjvAMq4RlYBW/fQjPB5/DACrw5LgHrXd/Himgr365llln2iKxk6nycfmkETrzgg1OaheIZQdgHF9TJRvimvOhhkoErxaJAuZMqV8C1d7gppCwcmUtm4Rpf1//Si6/uPd3xZU8P+6SUPV1wgWpX4WVXBrjhAuG7MXSKcVuYadNVuF6XGYpZAdGwzcmAp38phgVUYaiGHBO6v6bifcWvHMNmZiI+ZDJqqYqbskNNjG/GspmoSw9CeswM5K+ag6LVc9GaF4rWTM2MEYTEmAVmxgzB1iOkAe4snor/1ZBl/zKMCKnBG8FlmBFhpXy0zDLLHrEVjPoU554fjiPP28F7bohd8V4f5IX0FzzMYIKOwRMqOwRe5X6Q+uV69pLZuD7Qx+7f7euBL/p44CsqX5NkvI8r/sB1Td1zttcwZPlNNLAVtJWMXW4HDXTQtowV/nhreixcFpSwlOH3VL6vLCg2c7wNnZ5G8E4yQ51TCPp3JwVhxvxgKl9/M6V80Vo/fDJhDj6ZuQjpy2ZhS0EYwoJ94U3wyt/rqWHGwQ2wEbw+geUYGVQJLwJ5dIjlXrDMMst+JMt9cxyOvTQcJ6l6Lz/rg6uErjKV5f/ay0BXrgGFkMnHq6gGo35ZtG5cDQO9jdq99ZgbbvaxD8n9E8F7tacr/sh1JaU5Q/Bm+E3CbpPv1q52FdqmpaYiUltS0IH+8+A6IdFEPryszrKgegPPWTNnGmC//8l02OZmYsq4T1CxwRepsdNQkeyP994ZbbKdTZ+xAI2ZwRg5LhzevkUmnldzximywRbaCB/NI0cQfxJZbkHXMsss+3GtyPUdnHlhBK4RuLcGeuHm414o/LXttuIVeKV4FUbWkVBdIMxbNhcXH/fB9f4Er+Jk+3mYfLl/7mkz07T/uYcdwJd6umBT4CQDWJNLgcdL9dqTmCvHgn2m4LTwydjexwUzPafBbW6uid9V0nTXeblICJ+OCUFr4ULAvvrBfOStmINkgjc+ZAZsHwSZMLRR4xdj3CefmqgJTdjprXnjTISD0ksSugGVmBWRZ0HXMsss+2lYocdbuPrMCFx/ajiuPOGNkl9623MYONRuR6eYQswEYnW0ZfDV//RgHxNGdnXIcNyiuv3TYwQvgfslQfx1XxuuKPctwZsZOsX4d5XnQeBVdjONpFOEhHLfbi0Iw2q/cTjd2wWX+7mijOfx1rhEuM4vxlAq4BFzNlHVlsLlk2hMnDwdlSl+Jr9DfqIv5lIRD52RAbdZm2CblQY3zYxswspqqXpr7bmAAyowZXG2BV3LLLPsp2U1r43FZy+9is+f8ELeC57GLaDZHIyrwQFbqVajUKl+s+Jn4dTjNpOA5ov+SrBj9/MqaY5cDn/o6WEUr4brZgRPNcfap+tRJx1hW8i2COCO7UvnfoKTSuNI8CqP7rXHR2D5m2EYMTUVrnNz4BJQBa+ZKUhLmIvWnBA0ZgWjbIMvJs0KuJ0+UjmANS29R2gTbMF18PErwsigCqzKqLGga5lllv00beekBWj4/Sis/7UH9pZH40C1VG+kgaQyktnBy0KVmkPFe6afJ24RvAol0+wOX/b1wFe9ua2fh8mRcKWHK279wg05QVPMIAwBVupWyred65qcUu0KxCvmE7y9XMysEZf7uhmIK53jgf5emPNmKGxzsk0HnLtfMT6YEYrwgJkYNTke3gvyHcnXqW4VQkbwCrpeAeUYE5yPmpY9FnQts8yyn76tmTkP7UXROFgTa6b8EWy35ITa00ISkvqcnTAbp/rLn0vIEpK3CFwNHf5TD3tY2bVeriaO9wuuZy+cah/xlk/oyrXAYhR0CdWuErVz+1rfT3G6h4s59gaV8h8es+fSlWKWG6PyxXcx+qNYuCvrmV8ZvKeshte8XKN0TU4HFjNQQvka/Msxe7mlci2zzLKfodXnxWBftR2+HYMozMSShG9W3EycGWgzft0vCVxFNdxg+aon16lUla3sCuGrWR/SQyab4zuOFYClcuU31rKNKnht0HicInhv9iRwH3PDn3pROfewz5OmTrsvqay/6umJKSM+xMgZiSY9pJuGEwu8VLnK16CohTGLypC/+aQFXcsss+zna6VZa1Gf+81MFIKlFGvm0lk4M8BmwsYE3j/0tnHpSYVrzwR2udcwXOntAG/gVB672OR40PxoimhQZITx77ItTVSZFD4Jh/q74guBlwpXw5AVI6xRcX9wqOm/9vBE6sfvojZjIabPDYK75nKTTzewGiOCyhCR2mQB1zLLLPvnsZKc1ahMC8aecnvinOxlc3DuCR/8qSeB28cDXxG4X7IIklK8cjMoEfmfetiQJh+vgE3Fa+KAWYzLgktlGttSuAiJgeNxoo+rmQH5bzzmr7298I+eXvgj2/tjHwKe5W+9bMic+glVeJyZlj119UK8OS8JQYnWjMCWWWbZP7Ftqc5CS34MspbPx5mnhuPvhOTff+GFvz/mZWJ4//KYIEmF2tMDX1Pt/qOHF5I0co3qdnNOqMnzoAETbQTuzhK731eKd7n/WBzt5872vPCXXl746wAfc+xfua421baAvGn6R9hbFY32kmjsaki3gGuZZZb9a1n5DF8cGEzV24fQJSi/HjIC/0YA/ztBrHSRf+zP7YOGIy1wCnaXUuWqY00dbJqOXdEN/KxBFBpAsTFmOg70tSvkP/cmZNne3/p6U+WyDX7+M7effdwHSyePx87mEgu4lllm2b+2bU5KRsvEGdjhOQaXH/fGH/t5m5y/f/EYg7//+i2kh06n4nW4F6h8VdTRZvy88vey5K2ci62D3fFnHvv1c6/i61+9hRtPDMeOIT6oHeSOslHjsDclywKuZZZZZllXO91Qhc2LY9AyeRoq3/kUu93ex5qQOajJjkBT7mK0ZC9Ea24Yl4vQlBXOEoG6tEBkJMzGupe9ke76BtZ7v4V1M+ajZulqHN1kjTizzDLLLPverLGmBs0N9aguK0VjTbUFWMsss+x7tP/yX/5/Kq1S7628rjMAAAAASUVORK5CYII=', 'beniarda.com', 2);

-- --------------------------------------------------------

--
-- Estructura de tabla para la tabla `facturas`
--

CREATE TABLE `facturas` (
  `id` int(11) NOT NULL,
  `numero` int(11) NOT NULL,
  `fecha` datetime NOT NULL DEFAULT current_timestamp(),
  `subscription_id` int(11) NOT NULL,
  `user_id` int(11) NOT NULL
) ENGINE=InnoDB DEFAULT CHARSET=utf8;

-- --------------------------------------------------------

--
-- Estructura de tabla para la tabla `imagenesolivos`
--

CREATE TABLE `imagenesolivos` (
  `id` int(11) NOT NULL,
  `imagen` longtext NOT NULL
) ENGINE=InnoDB DEFAULT CHARSET=utf8;

-- --------------------------------------------------------

--
-- Estructura de tabla para la tabla `imagesslider`
--

CREATE TABLE `imagesslider` (
  `id` int(11) NOT NULL,
  `image` longtext NOT NULL
) ENGINE=InnoDB DEFAULT CHARSET=utf8;

--
-- Volcado de datos para la tabla `imagesslider`
--

INSERT INTO `imagesslider` (`id`, `image`) VALUES
(1, 'guadalest-vistas-pantano.jpg'),
(2, 'GUADALEST-Pueblo-de-Alicante-1.jpg'),
(3, 'DJI_0023-2-scaled.jpg');

-- --------------------------------------------------------

--
-- Estructura de tabla para la tabla `olivos`
--

CREATE TABLE `olivos` (
  `id_olivo` int(11) NOT NULL,
  `campo` int(11) NOT NULL,
  `codigo` text NOT NULL,
  `favorito` int(11) NOT NULL,
  `nombre` varchar(255) NOT NULL,
  `descripcion` text NOT NULL,
  `edad` int(11) NOT NULL,
  `variedad` text NOT NULL,
  `tamano` float NOT NULL,
  `precio` int(11) NOT NULL,
  `imagen` varchar(255) NOT NULL,
  `diploma` text NOT NULL,
  `icono` text NOT NULL,
  `coordenadas` text NOT NULL,
  `fecha_creacion` date NOT NULL
) ENGINE=InnoDB DEFAULT CHARSET=utf8;

--
-- Volcado de datos para la tabla `olivos`
--

INSERT INTO `olivos` (`id_olivo`, `campo`, `codigo`, `favorito`, `nombre`, `descripcion`, `edad`, `variedad`, `tamano`, `precio`, `imagen`, `diploma`, `icono`, `coordenadas`, `fecha_creacion`) VALUES
(1, 1, 'SOL1', 1, 'LLauraMargens', 'Este olivo está situado en una colina soleada en la Toscana, rodeado de otros olivos y viñedos.', 100, 'Manzanilla', 3.5, 45, 'olivo.jpg', 'diploma.jpg', 'icono_olivo_2.png', '38.679749, -0.223788', '2022-02-15'),
(2, 1, 'SOL2', 1, 'Hola caracola', 'Este olivo está situado en una finca en el sur de España, con vistas al mar y a la sierra.', 60, 'Manzanilla', 2.5, 45, 'olivo.jpg', '', 'icono_olivo.png', '38.679713, -0.223767', '2022-02-15'),
(3, 3, 'XOR1', 1, '', 'Este olivo se encuentra en un valle fértil de la Toscana, rodeado de flores silvestres y hierbas aromáticas.', 80, 'Manzanilla', 3, 45, 'olivo.jpg', '', 'icono_olivo_2.png', '38.679675, -0.223719', '2022-02-15'),
(4, 1, 'SOL3', 1, 'POkemon', 'Este olivo se encuentra en una colina cerca de Olympia, rodeado de ruinas antiguas y montañas nevadas.', 150, 'Manzanilla', 4.2, 45, 'olivo.jpg', '', 'icono_olivo.png', '38.679605, -0.223664', '2022-02-16'),
(5, 3, 'XOR2', 1, 'Olivo del Algarve', 'Este olivo se encuentra en una finca en el sur de Portugal, rodeado de playas de arena blanca y acantilados escarpados.', 70, 'Manzanilla', 3, 45, 'olivo.jpg', '', 'icono_olivo.png', '38.679558, -0.223624', '2022-02-16'),
(6, 1, 'SOL4', 1, '', 'Este olivo se encuentra en el norte de Italia, en una colina soleada con vistas a los Dolomitas.', 90, 'Manzanilla', 3.5, 45, 'olivo.jpg', '', 'icono_olivo_2.png', '38.679436, -0.223592', '2022-02-16'),
(7, 2, 'MEZ1', 1, 'Olivo de la Costa Brava', 'Este olivo se encuentra en una colina cerca de la costa mediterránea, rodeado de pinos y cipreses.', 60, 'Manzanilla', 2.5, 45, 'olivo.jpg', '', 'icono_olivo.png', '38.679332, -0.223574', '2022-02-16'),
(8, 2, 'MEZ2', 1, '', 'Este olivo se encuentra en la región de Puglia en el sur de Italia, rodeado de campos de trigo y almendros.', 80, 'Manzanilla', 3.2, 45, 'olivo.jpg', '', 'icono_olivo_2.png', '38.679265, -0.223610', '2022-02-16'),
(9, 2, 'MEZ3', 1, 'Olivo del Pirineo', 'Este olivo se encuentra en una colina en los Pirineos, rodeado de bosques de haya y robles.', 120, 'Manzanilla', 4, 45, 'olivo.jpg', '', 'icono_olivo.png', '38.679237, -0.223643', '2022-02-16'),
(10, 2, 'MEZ4', 1, 'Olivo de la Provence', 'Este olivo se encuentra en una colina soleada en el sur de Francia, rodeado de campos de lavanda y girasoles.', 90, 'Manzanilla', 3.5, 45, 'olivo.jpg', '', 'icono_olivo_2.png', '38.679169, -0.223726', '2022-02-16');

-- --------------------------------------------------------

--
-- Estructura de tabla para la tabla `olivos_nombres`
--

CREATE TABLE `olivos_nombres` (
  `id` int(11) NOT NULL,
  `id_olivo` int(11) NOT NULL,
  `nombre` text NOT NULL,
  `aprovado` int(11) NOT NULL DEFAULT 0
) ENGINE=InnoDB DEFAULT CHARSET=utf8;

--
-- Volcado de datos para la tabla `olivos_nombres`
--

INSERT INTO `olivos_nombres` (`id`, `id_olivo`, `nombre`, `aprovado`) VALUES
(12, 4, 'POkemon', 1),
(13, 3, 'aaaaaaaaaaaaaaa', 0);

-- --------------------------------------------------------

--
-- Estructura de tabla para la tabla `olivos_subscriptions`
--

CREATE TABLE `olivos_subscriptions` (
  `id` int(11) NOT NULL,
  `id_olivo` text NOT NULL,
  `subscription_id` int(11) NOT NULL
) ENGINE=InnoDB DEFAULT CHARSET=utf8;

--
-- Volcado de datos para la tabla `olivos_subscriptions`
--

INSERT INTO `olivos_subscriptions` (`id`, `id_olivo`, `subscription_id`) VALUES
(72, '1', 18),
(73, '2', 18),
(74, '5', 18),
(75, '4', 18),
(76, '3', 18),
(77, '6', 18),
(78, '8', 18),
(79, '9', 18),
(80, '7', 18);

-- --------------------------------------------------------

--
-- Estructura de tabla para la tabla `olivos_subscriptions_terminadas`
--

CREATE TABLE `olivos_subscriptions_terminadas` (
  `id` int(11) NOT NULL,
  `id_olivo` int(11) NOT NULL,
  `subscription_id` int(11) NOT NULL
) ENGINE=InnoDB DEFAULT CHARSET=utf8;

-- --------------------------------------------------------

--
-- Estructura de tabla para la tabla `pruebas`
--

CREATE TABLE `pruebas` (
  `id` int(11) NOT NULL,
  `text` text NOT NULL
) ENGINE=InnoDB DEFAULT CHARSET=utf8;

--
-- Volcado de datos para la tabla `pruebas`
--

INSERT INTO `pruebas` (`id`, `text`) VALUES
(1, '2'),
(2, '2'),
(3, '3'),
(4, '3'),
(5, '3'),
(6, '2'),
(7, '3'),
(8, '3'),
(9, '3');

-- --------------------------------------------------------

--
-- Estructura de tabla para la tabla `subscriptions`
--

CREATE TABLE `subscriptions` (
  `id` int(11) UNSIGNED NOT NULL,
  `order_reference` text NOT NULL,
  `total` text NOT NULL,
  `idusuario` varchar(255) NOT NULL,
  `start_date` date NOT NULL,
  `end_date` date NOT NULL,
  `status` enum('ACTIVE','CANCELLED','EXPIRED') NOT NULL,
  `Ds_Merchant_Identifier` longtext NOT NULL,
  `Ds_ExpiryDate` text NOT NULL,
  `created_at` timestamp NOT NULL DEFAULT current_timestamp(),
  `updated_at` timestamp NOT NULL DEFAULT current_timestamp() ON UPDATE current_timestamp()
) ENGINE=InnoDB DEFAULT CHARSET=utf8;

--
-- Volcado de datos para la tabla `subscriptions`
--

INSERT INTO `subscriptions` (`id`, `order_reference`, `total`, `idusuario`, `start_date`, `end_date`, `status`, `Ds_Merchant_Identifier`, `Ds_ExpiryDate`, `created_at`, `updated_at`) VALUES
(1, '79765', '350', '8', '2023-09-08', '2024-09-08', 'ACTIVE', '\"123b9ba2ab910fe46d5ea73d64262ae001c7dff4\"', '\"4912\"', '2023-09-08 08:16:33', '2023-09-14 14:07:16'),
(18, '79766', '350', '29', '2023-09-08', '2024-09-08', 'CANCELLED', '\"123b9ba2ab910fe46d5ea73d64262ae001c7dff4\"', '\"4912\"', '2023-09-08 08:16:33', '2023-09-14 11:50:57');

-- --------------------------------------------------------

--
-- Estructura de tabla para la tabla `users`
--

CREATE TABLE `users` (
  `id` int(11) NOT NULL,
  `usuario` text NOT NULL,
  `email` text NOT NULL,
  `pass` longtext NOT NULL,
  `pais` text NOT NULL,
  `direccion` text NOT NULL,
  `cpostal` text NOT NULL,
  `poblacion` text NOT NULL,
  `provincia` text NOT NULL,
  `telefono` text NOT NULL
) ENGINE=InnoDB DEFAULT CHARSET=utf8;

--
-- Volcado de datos para la tabla `users`
--

INSERT INTO `users` (`id`, `usuario`, `email`, `pass`, `pais`, `direccion`, `cpostal`, `poblacion`, `provincia`, `telefono`) VALUES
(8, 'miguel', 'miguelcano0000@gmail.com', '$2y$10$.bxoqN4swnO62MqQYKqDneRRfj42KEG99I0pTngrUq0QuKS3Kt16y', 'España', '647156169', '03006', 'Alacant', 'Please select', '647156169'),
(29, 'miguel', 'miguel@siminfo.es', '$2y$10$ybbM4imcQYlKAfelyHF6n.LWNaQCIbpK9v/6wYV.2H/0K/0LFPqLi', 'España', '647156169', '03006', 'Alacant', 'Please select', '647156169');

--
-- Índices para tablas volcadas
--

--
-- Indices de la tabla `administradores`
--
ALTER TABLE `administradores`
  ADD PRIMARY KEY (`id`);

--
-- Indices de la tabla `apcodes`
--
ALTER TABLE `apcodes`
  ADD PRIMARY KEY (`id`);

--
-- Indices de la tabla `campos`
--
ALTER TABLE `campos`
  ADD PRIMARY KEY (`id`);

--
-- Indices de la tabla `ci_sessions`
--
ALTER TABLE `ci_sessions`
  ADD KEY `ci_sessions_timestamp` (`timestamp`);

--
-- Indices de la tabla `colaboradores`
--
ALTER TABLE `colaboradores`
  ADD PRIMARY KEY (`id`);

--
-- Indices de la tabla `facturas`
--
ALTER TABLE `facturas`
  ADD PRIMARY KEY (`id`);

--
-- Indices de la tabla `imagenesolivos`
--
ALTER TABLE `imagenesolivos`
  ADD PRIMARY KEY (`id`);

--
-- Indices de la tabla `imagesslider`
--
ALTER TABLE `imagesslider`
  ADD PRIMARY KEY (`id`);

--
-- Indices de la tabla `olivos`
--
ALTER TABLE `olivos`
  ADD PRIMARY KEY (`id_olivo`);

--
-- Indices de la tabla `olivos_nombres`
--
ALTER TABLE `olivos_nombres`
  ADD PRIMARY KEY (`id`);

--
-- Indices de la tabla `olivos_subscriptions`
--
ALTER TABLE `olivos_subscriptions`
  ADD PRIMARY KEY (`id`);

--
-- Indices de la tabla `olivos_subscriptions_terminadas`
--
ALTER TABLE `olivos_subscriptions_terminadas`
  ADD PRIMARY KEY (`id`);

--
-- Indices de la tabla `pruebas`
--
ALTER TABLE `pruebas`
  ADD PRIMARY KEY (`id`);

--
-- Indices de la tabla `subscriptions`
--
ALTER TABLE `subscriptions`
  ADD PRIMARY KEY (`id`);

--
-- Indices de la tabla `users`
--
ALTER TABLE `users`
  ADD PRIMARY KEY (`id`);

--
-- AUTO_INCREMENT de las tablas volcadas
--

--
-- AUTO_INCREMENT de la tabla `administradores`
--
ALTER TABLE `administradores`
  MODIFY `id` int(11) NOT NULL AUTO_INCREMENT, AUTO_INCREMENT=3;

--
-- AUTO_INCREMENT de la tabla `apcodes`
--
ALTER TABLE `apcodes`
  MODIFY `id` int(11) NOT NULL AUTO_INCREMENT, AUTO_INCREMENT=2;

--
-- AUTO_INCREMENT de la tabla `campos`
--
ALTER TABLE `campos`
  MODIFY `id` int(11) NOT NULL AUTO_INCREMENT, AUTO_INCREMENT=15;

--
-- AUTO_INCREMENT de la tabla `colaboradores`
--
ALTER TABLE `colaboradores`
  MODIFY `id` int(11) NOT NULL AUTO_INCREMENT, AUTO_INCREMENT=19;

--
-- AUTO_INCREMENT de la tabla `facturas`
--
ALTER TABLE `facturas`
  MODIFY `id` int(11) NOT NULL AUTO_INCREMENT, AUTO_INCREMENT=8;

--
-- AUTO_INCREMENT de la tabla `imagenesolivos`
--
ALTER TABLE `imagenesolivos`
  MODIFY `id` int(11) NOT NULL AUTO_INCREMENT;

--
-- AUTO_INCREMENT de la tabla `imagesslider`
--
ALTER TABLE `imagesslider`
  MODIFY `id` int(11) NOT NULL AUTO_INCREMENT, AUTO_INCREMENT=4;

--
-- AUTO_INCREMENT de la tabla `olivos_nombres`
--
ALTER TABLE `olivos_nombres`
  MODIFY `id` int(11) NOT NULL AUTO_INCREMENT, AUTO_INCREMENT=14;

--
-- AUTO_INCREMENT de la tabla `olivos_subscriptions`
--
ALTER TABLE `olivos_subscriptions`
  MODIFY `id` int(11) NOT NULL AUTO_INCREMENT, AUTO_INCREMENT=81;

--
-- AUTO_INCREMENT de la tabla `olivos_subscriptions_terminadas`
--
ALTER TABLE `olivos_subscriptions_terminadas`
  MODIFY `id` int(11) NOT NULL AUTO_INCREMENT, AUTO_INCREMENT=3;

--
-- AUTO_INCREMENT de la tabla `pruebas`
--
ALTER TABLE `pruebas`
  MODIFY `id` int(11) NOT NULL AUTO_INCREMENT, AUTO_INCREMENT=10;

--
-- AUTO_INCREMENT de la tabla `subscriptions`
--
ALTER TABLE `subscriptions`
  MODIFY `id` int(11) UNSIGNED NOT NULL AUTO_INCREMENT, AUTO_INCREMENT=19;

--
-- AUTO_INCREMENT de la tabla `users`
--
ALTER TABLE `users`
  MODIFY `id` int(11) NOT NULL AUTO_INCREMENT, AUTO_INCREMENT=30;
COMMIT;

/*!40101 SET CHARACTER_SET_CLIENT=@OLD_CHARACTER_SET_CLIENT */;
/*!40101 SET CHARACTER_SET_RESULTS=@OLD_CHARACTER_SET_RESULTS */;
/*!40101 SET COLLATION_CONNECTION=@OLD_COLLATION_CONNECTION */;
